{
	"credit": "Made with Blockbench",
	"textures": {
		"0": "block/red_wool",
		"1": "block/spruce_planks",
		"particle": "block/red_wool"
	},
	"elements": [
		{
			"from": [14, 0, 0],
			"to": [16, 8, 2],
			"faces": {
				"north": {"uv": [0, 0, 2, 16], "texture": "#1"},
				"east": {"uv": [0, 0, 2, 16], "texture": "#1"},
				"south": {"uv": [0, 0, 2, 16], "texture": "#1"},
				"west": {"uv": [0, 0, 2, 16], "texture": "#1"},
				"up": {"uv": [0, 0, 2, 16], "texture": "#1"},
				"down": {"uv": [0, 0, 7, 6], "texture": "#1"}
			}
		},
		{
			"from": [2, 12, 0],
			"to": [14, 14, 2],
			"rotation": {"angle": 0, "axis": "z", "origin": [15, 4, 1]},
			"faces": {
				"north": {"uv": [0, 0, 2, 7], "rotation": 270, "texture": "#1"},
				"east": {"uv": [0, 0, 2, 7], "rotation": 270, "texture": "#1"},
				"south": {"uv": [0, 0, 2, 7], "rotation": 270, "texture": "#1"},
				"west": {"uv": [0, 0, 2, 7], "rotation": 270, "texture": "#1"},
				"up": {"uv": [0, 0, 2, 7], "rotation": 270, "texture": "#1"},
				"down": {"uv": [0, 0, 2, 7], "rotation": 270, "texture": "#1"}
			}
		},
		{
			"from": [0, 0, 0],
			"to": [2, 8, 2],
			"faces": {
				"north": {"uv": [0, 0, 2, 16], "texture": "#1"},
				"east": {"uv": [0, 0, 2, 16], "texture": "#1"},
				"south": {"uv": [0, 0, 2, 16], "texture": "#1"},
				"west": {"uv": [0, 0, 2, 16], "texture": "#1"},
				"up": {"uv": [0, 0, 2, 16], "texture": "#1"},
				"down": {"uv": [0, 0, 2, 6], "texture": "#1"}
			}
		},
		{
			"from": [0, 9, 0],
			"to": [2, 14, 2],
			"faces": {
				"north": {"uv": [0, 0, 2, 6], "texture": "#1"},
				"east": {"uv": [0, 0, 2, 6], "texture": "#1"},
				"south": {"uv": [0, 0, 2, 6], "texture": "#1"},
				"west": {"uv": [0, 0, 2, 6], "texture": "#1"},
				"up": {"uv": [0, 0, 2, 6], "texture": "#1"},
				"down": {"uv": [0, 0, 2, 6], "texture": "#1"}
			}
		},
		{
			"from": [14, 9, 0],
			"to": [16, 14, 2],
			"faces": {
				"north": {"uv": [0, 0, 2, 6], "texture": "#1"},
				"east": {"uv": [0, 0, 2, 6], "texture": "#1"},
				"south": {"uv": [0, 0, 2, 6], "texture": "#1"},
				"west": {"uv": [0, 0, 2, 6], "texture": "#1"},
				"up": {"uv": [0, 0, 2, 6], "texture": "#1"},
				"down": {"uv": [0, 0, 2, 6], "texture": "#1"}
			}
		},
		{
			"from": [0, 0, 30],
			"to": [2, 8, 32],
			"faces": {
				"north": {"uv": [0, 0, 2, 16], "texture": "#1"},
				"east": {"uv": [0, 0, 2, 16], "texture": "#1"},
				"south": {"uv": [0, 0, 2, 16], "texture": "#1"},
				"west": {"uv": [0, 0, 2, 16], "texture": "#1"},
				"up": {"uv": [0, 0, 2, 16], "texture": "#1"},
				"down": {"uv": [0, 0, 2, 5], "texture": "#1"}
			}
		},
		{
			"from": [0, 8, 0],
			"to": [16, 9, 32],
			"faces": {
				"north": {"uv": [0, 0, 16, 2], "texture": "#1"},
				"east": {"uv": [0, 0, 16, 2], "texture": "#1"},
				"south": {"uv": [0, 0, 16, 2], "texture": "#1"},
				"west": {"uv": [0, 0, 16, 2], "texture": "#1"},
				"up": {"uv": [0, 0, 16, 16], "texture": "#1"},
				"down": {"uv": [0, 0, 16, 16], "texture": "#1"}
			}
		},
		{
			"from": [14, 14, 0],
			"to": [16, 22, 2],
			"faces": {
				"north": {"uv": [0, 0, 2, 13], "texture": "#0"},
				"east": {"uv": [0, 0, 2, 13], "texture": "#0"},
				"south": {"uv": [0, 0, 2, 13], "texture": "#0"},
				"west": {"uv": [0, 0, 2, 13], "texture": "#0"},
				"up": {"uv": [0, 0, 2, 13], "texture": "#0"},
				"down": {"uv": [0, 0, 2, 13], "texture": "#0"}
			}
		},
		{
			"from": [0, 14, 0],
			"to": [14, 15, 2],
			"faces": {
				"north": {"uv": [0, 0, 16, 1], "texture": "#0"},
				"east": {"uv": [0, 0, 16, 1], "texture": "#0"},
				"south": {"uv": [0, 0, 16, 1], "texture": "#0"},
				"west": {"uv": [0, 0, 3, 3], "texture": "#0"},
				"up": {"uv": [0, 0, 16, 1], "texture": "#0"},
				"down": {"uv": [0, 0, 16, 1], "texture": "#0"}
			}
		},
		{
			"from": [0, 9, 30],
			"to": [2, 14, 32],
			"faces": {
				"north": {"uv": [0, 0, 2, 6], "texture": "#1"},
				"east": {"uv": [0, 0, 2, 6], "texture": "#1"},
				"south": {"uv": [0, 0, 2, 6], "texture": "#1"},
				"west": {"uv": [0, 0, 2, 6], "texture": "#1"},
				"up": {"uv": [0, 0, 2, 6], "texture": "#1"},
				"down": {"uv": [0, 0, 2, 6], "texture": "#1"}
			}
		},
		{
			"from": [14, 9, 30],
			"to": [16, 14, 32],
			"faces": {
				"north": {"uv": [0, 0, 2, 6], "texture": "#1"},
				"east": {"uv": [0, 0, 2, 6], "texture": "#1"},
				"south": {"uv": [0, 0, 2, 6], "texture": "#1"},
				"west": {"uv": [0, 0, 2, 6], "texture": "#1"},
				"up": {"uv": [0, 0, 2, 6], "texture": "#1"},
				"down": {"uv": [0, 0, 2, 6], "texture": "#1"}
			}
		},
		{
			"from": [2, 12, 30],
			"to": [14, 14, 32],
			"rotation": {"angle": 0, "axis": "z", "origin": [15, 4, 1]},
			"faces": {
				"north": {"uv": [0, 0, 2, 7], "rotation": 270, "texture": "#1"},
				"east": {"uv": [0, 0, 2, 7], "rotation": 270, "texture": "#1"},
				"south": {"uv": [0, 0, 2, 7], "rotation": 270, "texture": "#1"},
				"west": {"uv": [0, 0, 2, 7], "rotation": 270, "texture": "#1"},
				"up": {"uv": [0, 0, 2, 7], "rotation": 270, "texture": "#1"},
				"down": {"uv": [0, 0, 2, 7], "rotation": 270, "texture": "#1"}
			}
		},
		{
			"from": [0, 14, 30],
			"to": [14, 15, 32],
			"faces": {
				"north": {"uv": [0, 0, 16, 1], "texture": "#0"},
				"east": {"uv": [0, 0, 16, 1], "texture": "#0"},
				"south": {"uv": [0, 0, 16, 1], "texture": "#0"},
				"west": {"uv": [0, 0, 3, 3], "texture": "#0"},
				"up": {"uv": [0, 0, 16, 1], "texture": "#0"},
				"down": {"uv": [0, 0, 16, 1], "texture": "#0"}
			}
		},
		{
			"from": [14, 22, 0],
			"to": [16, 24, 32],
			"faces": {
				"north": {"uv": [0, 0, 2, 4], "texture": "#0"},
				"east": {"uv": [0, 0, 14, 1], "texture": "#0"},
				"south": {"uv": [0, 0, 0, 2], "texture": "#0"},
				"west": {"uv": [0, 0, 16, 2], "texture": "#0"},
				"up": {"uv": [0, 0, 1, 12], "texture": "#0"},
				"down": {"uv": [0, 0, 16, 2], "texture": "#0"}
			}
		},
		{
			"from": [14, 14, 30],
			"to": [16, 22, 32],
			"faces": {
				"north": {"uv": [0, 0, 2, 13], "texture": "#0"},
				"east": {"uv": [0, 0, 2, 13], "texture": "#0"},
				"south": {"uv": [0, 0, 2, 13], "texture": "#0"},
				"west": {"uv": [0, 0, 2, 13], "texture": "#0"},
				"up": {"uv": [0, 0, 2, 13], "texture": "#0"},
				"down": {"uv": [0, 0, 2, 13], "texture": "#0"}
			}
		},
		{
			"from": [14, 9, 2],
			"to": [16, 22, 30],
			"faces": {
				"north": {"uv": [0, 3, 16, 16], "texture": "#1"},
				"east": {"uv": [0, 3, 16, 16], "texture": "#1"},
				"south": {"uv": [0, 3, 16, 16], "texture": "#1"},
				"west": {"uv": [0, 3, 16, 16], "texture": "#1"},
				"up": {"uv": [0, 3, 16, 16], "texture": "#1"},
				"down": {"uv": [0, 3, 16, 16], "texture": "#1"}
			}
		},
		{
			"from": [14, 0, 30],
			"to": [16, 8, 32],
			"faces": {
				"north": {"uv": [0, 0, 2, 16], "texture": "#1"},
				"east": {"uv": [0, 0, 2, 16], "texture": "#1"},
				"south": {"uv": [0, 0, 2, 16], "texture": "#1"},
				"west": {"uv": [0, 0, 2, 16], "texture": "#1"},
				"up": {"uv": [0, 0, 2, 16], "texture": "#1"},
				"down": {"uv": [0, 0, 3, 5], "texture": "#1"}
			}
		}
	],
	"display": {
		"gui": {
			"rotation": [1, 89, 0],
			"translation": [-4, -1.75, 0],
			"scale": [0.98, 0.4, 0.47]
		},
		"head": {
			"scale": [1.41, 1.78, 2.56]
		}
	}
}