{
	"credit": "Made with Blockbench",
	"textures": {
		"0": "greenwood:model/atr/mutinybay",
		"particle": "greenwood:model/atr/mutinybay"
	},
	"elements": [
		{
			"from": [8, 0, -3],
			"to": [8, 16, 19],
			"faces": {
				"east": {"uv": [16, 2.4, 0, 13.4], "texture": "#0"},
				"west": {"uv": [0, 2.4, 16, 13.4], "texture": "#0"}
			}
		}
	],
	"display": {
		"gui": {
			"rotation": [0, 90, 0],
			"translation": [0.25, 0, 0],
			"scale": [1, 0.71, 0.7]
		},
		"head": {
			"rotation": [180, -90, 180],
			"translation": [0, 11, 0],
			"scale": [4, 2, 2]
		}
	}
}