{
	"credit": "Made with Blockbench",
	"textures": {
		"0": "greenwood:model/satues/bloodyarm",
		"particle": "greenwood:model/satues/bloodyarm"
	},
	"elements": [
		{
			"name": "right_arm",
			"from": [12, 11.5, 6],
			"to": [16, 23.5, 10],
			"faces": {
				"north": {"uv": [11, 5, 12, 8], "texture": "#0"},
				"east": {"uv": [10, 5, 11, 8], "texture": "#0"},
				"south": {"uv": [13, 5, 14, 8], "texture": "#0"},
				"west": {"uv": [12, 5, 13, 8], "texture": "#0"},
				"up": {"uv": [12, 5, 11, 4], "texture": "#0"},
				"down": {"uv": [13, 4, 12, 5], "texture": "#0"}
			}
		}
	],
	"groups": [
		{
			"name": "steve",
			"origin": [8, 8, 8],
			"color": 0,
			"children": [0]
		}
	]
}