{
	"credit": "Made with Blockbench",
	"textures": {
		"0": "greenwood:model/misc/arrowtexture",
		"particle": "greenwood:model/misc/arrowtexture"
	},
	"elements": [
		{
			"from": [7, 5, 0],
			"to": [9, 7, 2],
			"faces": {
				"north": {"uv": [0, 0, 7, 6], "texture": "#0"},
				"east": {"uv": [0, 0, 7, 6], "texture": "#0"},
				"south": {"uv": [0, 0, 7, 6], "texture": "#0"},
				"west": {"uv": [0, 0, 7, 6], "texture": "#0"},
				"up": {"uv": [0, 0, 7, 6], "texture": "#0"},
				"down": {"uv": [0, 0, 7, 6], "texture": "#0"}
			}
		},
		{
			"from": [7, 5, 6],
			"to": [9, 7, 8],
			"faces": {
				"north": {"uv": [7, 0, 16, 6], "texture": "#0"},
				"east": {"uv": [7, 0, 16, 6], "texture": "#0"},
				"south": {"uv": [7, 0, 16, 6], "texture": "#0"},
				"west": {"uv": [7, 0, 16, 6], "texture": "#0"},
				"up": {"uv": [7, 0, 16, 6], "texture": "#0"},
				"down": {"uv": [7, 0, 16, 6], "texture": "#0"}
			}
		},
		{
			"from": [7, 5, 8],
			"to": [9, 7, 10],
			"faces": {
				"north": {"uv": [7, 0, 16, 6], "texture": "#0"},
				"east": {"uv": [7, 0, 16, 6], "texture": "#0"},
				"south": {"uv": [7, 0, 16, 6], "texture": "#0"},
				"west": {"uv": [7, 0, 16, 6], "texture": "#0"},
				"up": {"uv": [7, 0, 16, 6], "texture": "#0"},
				"down": {"uv": [7, 0, 16, 6], "texture": "#0"}
			}
		},
		{
			"from": [7, 5, 10],
			"to": [9, 7, 12],
			"faces": {
				"north": {"uv": [7, 6, 16, 12], "texture": "#0"},
				"east": {"uv": [7, 6, 16, 12], "texture": "#0"},
				"south": {"uv": [7, 6, 16, 12], "texture": "#0"},
				"west": {"uv": [7, 6, 16, 12], "texture": "#0"},
				"up": {"uv": [7, 6, 16, 12], "texture": "#0"},
				"down": {"uv": [7, 6, 16, 12], "texture": "#0"}
			}
		},
		{
			"from": [7, 5, 12],
			"to": [9, 7, 14],
			"faces": {
				"north": {"uv": [7, 6, 16, 12], "texture": "#0"},
				"east": {"uv": [7, 6, 16, 12], "texture": "#0"},
				"south": {"uv": [7, 6, 16, 12], "texture": "#0"},
				"west": {"uv": [7, 6, 16, 12], "texture": "#0"},
				"up": {"uv": [7, 6, 16, 12], "texture": "#0"},
				"down": {"uv": [7, 6, 16, 12], "texture": "#0"}
			}
		},
		{
			"from": [7, 5, 14],
			"to": [9, 7, 16],
			"faces": {
				"north": {"uv": [0, 12, 7, 16], "texture": "#0"},
				"east": {"uv": [0, 12, 7, 16], "texture": "#0"},
				"south": {"uv": [0, 12, 7, 16], "texture": "#0"},
				"west": {"uv": [0, 12, 7, 16], "texture": "#0"},
				"up": {"uv": [0, 12, 7, 16], "texture": "#0"},
				"down": {"uv": [0, 12, 7, 16], "texture": "#0"}
			}
		},
		{
			"from": [7, 5, 16],
			"to": [9, 7, 18],
			"faces": {
				"north": {"uv": [7, 0, 16, 6], "texture": "#0"},
				"east": {"uv": [7, 0, 16, 6], "texture": "#0"},
				"south": {"uv": [7, 0, 16, 6], "texture": "#0"},
				"west": {"uv": [7, 0, 16, 6], "texture": "#0"},
				"up": {"uv": [7, 0, 16, 6], "texture": "#0"},
				"down": {"uv": [7, 0, 16, 6], "texture": "#0"}
			}
		},
		{
			"from": [7, 5, 18],
			"to": [9, 7, 20],
			"faces": {
				"north": {"uv": [7, 6, 16, 12], "texture": "#0"},
				"east": {"uv": [7, 6, 16, 12], "texture": "#0"},
				"south": {"uv": [7, 6, 16, 12], "texture": "#0"},
				"west": {"uv": [7, 6, 16, 12], "texture": "#0"},
				"up": {"uv": [7, 6, 16, 12], "texture": "#0"},
				"down": {"uv": [7, 6, 16, 12], "texture": "#0"}
			}
		},
		{
			"from": [7, 5, 20],
			"to": [9, 7, 28],
			"faces": {
				"north": {"uv": [7, 0, 16, 6], "texture": "#0"},
				"east": {"uv": [7, 0, 16, 6], "texture": "#0"},
				"south": {"uv": [7, 0, 16, 6], "texture": "#0"},
				"west": {"uv": [7, 0, 16, 6], "texture": "#0"},
				"up": {"uv": [7, 0, 16, 6], "texture": "#0"},
				"down": {"uv": [7, 0, 16, 6], "texture": "#0"}
			}
		},
		{
			"from": [5, 5, 22],
			"to": [7, 7, 24],
			"faces": {
				"north": {"uv": [0, 6, 7, 12], "texture": "#0"},
				"east": {"uv": [0, 6, 7, 12], "texture": "#0"},
				"south": {"uv": [0, 6, 7, 12], "texture": "#0"},
				"west": {"uv": [0, 6, 7, 12], "texture": "#0"},
				"up": {"uv": [0, 6, 7, 12], "texture": "#0"},
				"down": {"uv": [0, 6, 7, 12], "texture": "#0"}
			}
		},
		{
			"from": [5, 5, 24],
			"to": [7, 7, 26],
			"faces": {
				"north": {"uv": [0, 0, 7, 6], "texture": "#0"},
				"east": {"uv": [0, 0, 7, 6], "texture": "#0"},
				"south": {"uv": [0, 0, 7, 6], "texture": "#0"},
				"west": {"uv": [0, 0, 7, 6], "texture": "#0"},
				"up": {"uv": [0, 0, 7, 6], "texture": "#0"},
				"down": {"uv": [0, 0, 7, 6], "texture": "#0"}
			}
		},
		{
			"from": [5, 5, 26],
			"to": [7, 7, 28],
			"faces": {
				"north": {"uv": [0, 0, 7, 6], "texture": "#0"},
				"east": {"uv": [0, 0, 7, 6], "texture": "#0"},
				"south": {"uv": [0, 0, 7, 6], "texture": "#0"},
				"west": {"uv": [0, 0, 7, 6], "texture": "#0"},
				"up": {"uv": [0, 0, 7, 6], "texture": "#0"},
				"down": {"uv": [0, 0, 7, 6], "texture": "#0"}
			}
		},
		{
			"from": [3, 5, 24],
			"to": [5, 7, 26],
			"faces": {
				"north": {"uv": [0, 0, 7, 6], "texture": "#0"},
				"east": {"uv": [0, 0, 7, 6], "texture": "#0"},
				"south": {"uv": [0, 0, 7, 6], "texture": "#0"},
				"west": {"uv": [0, 0, 7, 6], "texture": "#0"},
				"up": {"uv": [0, 0, 7, 6], "texture": "#0"},
				"down": {"uv": [0, 0, 7, 6], "texture": "#0"}
			}
		},
		{
			"from": [3, 5, 26],
			"to": [5, 7, 28],
			"faces": {
				"north": {"uv": [0, 6, 7, 12], "rotation": 180, "texture": "#0"},
				"east": {"uv": [0, 6, 7, 12], "rotation": 180, "texture": "#0"},
				"south": {"uv": [0, 6, 7, 12], "rotation": 180, "texture": "#0"},
				"west": {"uv": [0, 6, 7, 12], "rotation": 180, "texture": "#0"},
				"up": {"uv": [0, 6, 7, 12], "rotation": 180, "texture": "#0"},
				"down": {"uv": [0, 6, 7, 12], "rotation": 180, "texture": "#0"}
			}
		},
		{
			"from": [3, 5, 28],
			"to": [5, 7, 30],
			"faces": {
				"north": {"uv": [0, 0, 7, 6], "texture": "#0"},
				"east": {"uv": [0, 0, 7, 6], "texture": "#0"},
				"south": {"uv": [0, 0, 7, 6], "texture": "#0"},
				"west": {"uv": [0, 0, 7, 6], "texture": "#0"},
				"up": {"uv": [0, 0, 7, 6], "texture": "#0"},
				"down": {"uv": [0, 0, 7, 6], "texture": "#0"}
			}
		},
		{
			"from": [9, 5, 22],
			"to": [11, 7, 24],
			"rotation": {"angle": 0, "axis": "y", "origin": [16, 0, 0]},
			"faces": {
				"north": {"uv": [0, 6, 7, 12], "texture": "#0"},
				"east": {"uv": [0, 6, 7, 12], "texture": "#0"},
				"south": {"uv": [0, 6, 7, 12], "texture": "#0"},
				"west": {"uv": [0, 6, 7, 12], "texture": "#0"},
				"up": {"uv": [0, 6, 7, 12], "texture": "#0"},
				"down": {"uv": [0, 6, 7, 12], "texture": "#0"}
			}
		},
		{
			"from": [9, 5, 24],
			"to": [11, 7, 26],
			"rotation": {"angle": 0, "axis": "y", "origin": [16, 0, 0]},
			"faces": {
				"north": {"uv": [0, 6, 7, 12], "texture": "#0"},
				"east": {"uv": [0, 6, 7, 12], "texture": "#0"},
				"south": {"uv": [0, 6, 7, 12], "texture": "#0"},
				"west": {"uv": [0, 6, 7, 12], "texture": "#0"},
				"up": {"uv": [0, 6, 7, 12], "texture": "#0"},
				"down": {"uv": [0, 6, 7, 12], "texture": "#0"}
			}
		},
		{
			"from": [9, 5, 26],
			"to": [11, 7, 28],
			"rotation": {"angle": 0, "axis": "y", "origin": [16, 0, 0]},
			"faces": {
				"north": {"uv": [0, 0, 7, 6], "texture": "#0"},
				"east": {"uv": [0, 0, 7, 6], "texture": "#0"},
				"south": {"uv": [0, 0, 7, 6], "texture": "#0"},
				"west": {"uv": [0, 0, 7, 6], "texture": "#0"},
				"up": {"uv": [0, 0, 7, 6], "texture": "#0"},
				"down": {"uv": [0, 0, 7, 6], "texture": "#0"}
			}
		},
		{
			"from": [11, 5, 24],
			"to": [13, 7, 26],
			"rotation": {"angle": 0, "axis": "y", "origin": [16, 0, 0]},
			"faces": {
				"north": {"uv": [0, 0, 7, 6], "texture": "#0"},
				"east": {"uv": [0, 0, 7, 6], "texture": "#0"},
				"south": {"uv": [0, 0, 7, 6], "texture": "#0"},
				"west": {"uv": [0, 0, 7, 6], "texture": "#0"},
				"up": {"uv": [0, 0, 7, 6], "texture": "#0"},
				"down": {"uv": [0, 0, 7, 6], "texture": "#0"}
			}
		},
		{
			"from": [11, 5, 26],
			"to": [13, 7, 28],
			"rotation": {"angle": 0, "axis": "y", "origin": [16, 0, 0]},
			"faces": {
				"north": {"uv": [0, 0, 7, 6], "texture": "#0"},
				"east": {"uv": [0, 0, 7, 6], "texture": "#0"},
				"south": {"uv": [0, 0, 7, 6], "texture": "#0"},
				"west": {"uv": [0, 0, 7, 6], "texture": "#0"},
				"up": {"uv": [0, 0, 7, 6], "texture": "#0"},
				"down": {"uv": [0, 0, 7, 6], "texture": "#0"}
			}
		},
		{
			"from": [11, 5, 28],
			"to": [13, 7, 30],
			"rotation": {"angle": 0, "axis": "y", "origin": [16, 0, 0]},
			"faces": {
				"north": {"uv": [0, 6, 7, 12], "texture": "#0"},
				"east": {"uv": [0, 6, 7, 12], "texture": "#0"},
				"south": {"uv": [0, 6, 7, 12], "texture": "#0"},
				"west": {"uv": [0, 6, 7, 12], "texture": "#0"},
				"up": {"uv": [0, 6, 7, 12], "texture": "#0"},
				"down": {"uv": [0, 6, 7, 12], "texture": "#0"}
			}
		},
		{
			"from": [7, 3, 22],
			"to": [9, 5, 24],
			"faces": {
				"north": {"uv": [0, 6, 7, 12], "texture": "#0"},
				"east": {"uv": [0, 6, 7, 12], "texture": "#0"},
				"south": {"uv": [0, 6, 7, 12], "texture": "#0"},
				"west": {"uv": [0, 6, 7, 12], "texture": "#0"},
				"up": {"uv": [0, 6, 7, 12], "texture": "#0"},
				"down": {"uv": [0, 6, 7, 12], "texture": "#0"}
			}
		},
		{
			"from": [7, 1, 24],
			"to": [9, 3, 26],
			"faces": {
				"north": {"uv": [0, 0, 7, 6], "texture": "#0"},
				"east": {"uv": [0, 0, 7, 6], "texture": "#0"},
				"south": {"uv": [0, 0, 7, 6], "texture": "#0"},
				"west": {"uv": [0, 0, 7, 6], "texture": "#0"},
				"up": {"uv": [0, 0, 7, 6], "texture": "#0"},
				"down": {"uv": [0, 0, 7, 6], "texture": "#0"}
			}
		},
		{
			"from": [7, 1, 26],
			"to": [9, 3, 28],
			"faces": {
				"north": {"uv": [0, 6, 7, 12], "texture": "#0"},
				"east": {"uv": [0, 6, 7, 12], "texture": "#0"},
				"south": {"uv": [0, 6, 7, 12], "texture": "#0"},
				"west": {"uv": [0, 6, 7, 12], "texture": "#0"},
				"up": {"uv": [0, 6, 7, 12], "texture": "#0"},
				"down": {"uv": [0, 6, 7, 12], "texture": "#0"}
			}
		},
		{
			"from": [7, 1, 28],
			"to": [9, 3, 30],
			"faces": {
				"north": {"uv": [0, 0, 7, 6], "texture": "#0"},
				"east": {"uv": [0, 0, 7, 6], "texture": "#0"},
				"south": {"uv": [0, 0, 7, 6], "texture": "#0"},
				"west": {"uv": [0, 0, 7, 6], "texture": "#0"},
				"up": {"uv": [0, 0, 7, 6], "texture": "#0"},
				"down": {"uv": [0, 0, 7, 6], "texture": "#0"}
			}
		},
		{
			"from": [7, 3, 26],
			"to": [9, 5, 28],
			"faces": {
				"north": {"uv": [0, 0, 7, 6], "texture": "#0"},
				"east": {"uv": [0, 0, 7, 6], "texture": "#0"},
				"south": {"uv": [0, 0, 7, 6], "texture": "#0"},
				"west": {"uv": [0, 0, 7, 6], "texture": "#0"},
				"up": {"uv": [0, 0, 7, 6], "texture": "#0"},
				"down": {"uv": [0, 0, 7, 6], "texture": "#0"}
			}
		},
		{
			"from": [7, 3, 24],
			"to": [9, 5, 26],
			"faces": {
				"north": {"uv": [0, 0, 7, 6], "texture": "#0"},
				"east": {"uv": [0, 0, 7, 6], "texture": "#0"},
				"south": {"uv": [0, 0, 7, 6], "texture": "#0"},
				"west": {"uv": [0, 0, 7, 6], "texture": "#0"},
				"up": {"uv": [0, 0, 7, 6], "texture": "#0"},
				"down": {"uv": [0, 0, 7, 6], "texture": "#0"}
			}
		},
		{
			"from": [7, 9, 28],
			"to": [9, 11, 30],
			"rotation": {"angle": 0, "axis": "y", "origin": [0, 16, 0]},
			"faces": {
				"north": {"uv": [0, 0, 7, 6], "texture": "#0"},
				"east": {"uv": [0, 0, 7, 6], "texture": "#0"},
				"south": {"uv": [0, 0, 7, 6], "texture": "#0"},
				"west": {"uv": [0, 0, 7, 6], "texture": "#0"},
				"up": {"uv": [0, 0, 7, 6], "texture": "#0"},
				"down": {"uv": [0, 0, 7, 6], "texture": "#0"}
			}
		},
		{
			"from": [7, 7, 22],
			"to": [9, 9, 24],
			"rotation": {"angle": 0, "axis": "y", "origin": [0, 16, 0]},
			"faces": {
				"north": {"uv": [0, 6, 7, 12], "texture": "#0"},
				"east": {"uv": [0, 6, 7, 12], "texture": "#0"},
				"south": {"uv": [0, 6, 7, 12], "texture": "#0"},
				"west": {"uv": [0, 6, 7, 12], "texture": "#0"},
				"up": {"uv": [0, 6, 7, 12], "texture": "#0"},
				"down": {"uv": [0, 6, 7, 12], "texture": "#0"}
			}
		},
		{
			"from": [7, 9, 24],
			"to": [9, 11, 26],
			"rotation": {"angle": 0, "axis": "y", "origin": [0, 16, 0]},
			"faces": {
				"north": {"uv": [0, 0, 7, 6], "texture": "#0"},
				"east": {"uv": [0, 0, 7, 6], "texture": "#0"},
				"south": {"uv": [0, 0, 7, 6], "texture": "#0"},
				"west": {"uv": [0, 0, 7, 6], "texture": "#0"},
				"up": {"uv": [0, 0, 7, 6], "texture": "#0"},
				"down": {"uv": [0, 0, 7, 6], "texture": "#0"}
			}
		},
		{
			"from": [7, 9, 26],
			"to": [9, 11, 28],
			"rotation": {"angle": 0, "axis": "y", "origin": [0, 16, 0]},
			"faces": {
				"north": {"uv": [0, 0, 7, 6], "texture": "#0"},
				"east": {"uv": [0, 0, 7, 6], "texture": "#0"},
				"south": {"uv": [0, 0, 7, 6], "texture": "#0"},
				"west": {"uv": [0, 0, 7, 6], "texture": "#0"},
				"up": {"uv": [0, 0, 7, 6], "texture": "#0"},
				"down": {"uv": [0, 0, 7, 6], "texture": "#0"}
			}
		},
		{
			"from": [7, 7, 24],
			"to": [9, 9, 26],
			"rotation": {"angle": 0, "axis": "y", "origin": [0, 16, 0]},
			"faces": {
				"north": {"uv": [0, 0, 7, 6], "texture": "#0"},
				"east": {"uv": [0, 0, 7, 6], "texture": "#0"},
				"south": {"uv": [0, 0, 7, 6], "texture": "#0"},
				"west": {"uv": [0, 0, 7, 6], "texture": "#0"},
				"up": {"uv": [0, 0, 7, 6], "texture": "#0"},
				"down": {"uv": [0, 0, 7, 6], "texture": "#0"}
			}
		},
		{
			"from": [7, 7, 26],
			"to": [9, 9, 28],
			"rotation": {"angle": 0, "axis": "y", "origin": [0, 16, 0]},
			"faces": {
				"north": {"uv": [0, 6, 7, 12], "texture": "#0"},
				"east": {"uv": [0, 6, 7, 12], "texture": "#0"},
				"south": {"uv": [0, 6, 7, 12], "texture": "#0"},
				"west": {"uv": [0, 6, 7, 12], "texture": "#0"},
				"up": {"uv": [0, 6, 7, 12], "texture": "#0"},
				"down": {"uv": [0, 6, 7, 12], "texture": "#0"}
			}
		},
		{
			"from": [9, 5, 2],
			"to": [11, 7, 4],
			"faces": {
				"north": {"uv": [0, 0, 7, 6], "texture": "#0"},
				"east": {"uv": [0, 0, 7, 6], "texture": "#0"},
				"south": {"uv": [0, 0, 7, 6], "texture": "#0"},
				"west": {"uv": [0, 0, 7, 6], "texture": "#0"},
				"up": {"uv": [0, 0, 7, 6], "texture": "#0"},
				"down": {"uv": [0, 0, 7, 6], "texture": "#0"}
			}
		},
		{
			"from": [5, 5, 2],
			"to": [7, 7, 4],
			"faces": {
				"north": {"uv": [0, 0, 7, 6], "texture": "#0"},
				"east": {"uv": [0, 0, 7, 6], "texture": "#0"},
				"south": {"uv": [0, 0, 7, 6], "texture": "#0"},
				"west": {"uv": [0, 0, 7, 6], "texture": "#0"},
				"up": {"uv": [0, 0, 7, 6], "texture": "#0"},
				"down": {"uv": [0, 0, 7, 6], "texture": "#0"}
			}
		},
		{
			"from": [7, 7, 2],
			"to": [9, 9, 4],
			"faces": {
				"north": {"uv": [0, 0, 7, 6], "texture": "#0"},
				"east": {"uv": [0, 0, 7, 6], "texture": "#0"},
				"south": {"uv": [0, 0, 7, 6], "texture": "#0"},
				"west": {"uv": [0, 0, 7, 6], "texture": "#0"},
				"up": {"uv": [0, 0, 7, 6], "texture": "#0"},
				"down": {"uv": [0, 0, 7, 6], "texture": "#0"}
			}
		},
		{
			"from": [7, 3, 2],
			"to": [9, 5, 4],
			"faces": {
				"north": {"uv": [0, 0, 7, 6], "texture": "#0"},
				"east": {"uv": [0, 0, 7, 6], "texture": "#0"},
				"south": {"uv": [0, 0, 7, 6], "texture": "#0"},
				"west": {"uv": [0, 0, 7, 6], "texture": "#0"},
				"up": {"uv": [0, 0, 7, 6], "texture": "#0"},
				"down": {"uv": [0, 0, 7, 6], "texture": "#0"}
			}
		},
		{
			"from": [5, 5, 4],
			"to": [7, 7, 6],
			"faces": {
				"north": {"uv": [0, 6, 7, 12], "texture": "#0"},
				"east": {"uv": [0, 6, 7, 12], "texture": "#0"},
				"south": {"uv": [0, 6, 7, 12], "texture": "#0"},
				"west": {"uv": [0, 6, 7, 12], "texture": "#0"},
				"up": {"uv": [0, 6, 7, 12], "texture": "#0"},
				"down": {"uv": [0, 6, 7, 12], "texture": "#0"}
			}
		},
		{
			"from": [7, 7, 4],
			"to": [9, 9, 6],
			"faces": {
				"north": {"uv": [0, 6, 7, 12], "texture": "#0"},
				"east": {"uv": [0, 6, 7, 12], "texture": "#0"},
				"south": {"uv": [0, 6, 7, 12], "texture": "#0"},
				"west": {"uv": [0, 6, 7, 12], "texture": "#0"},
				"up": {"uv": [0, 6, 7, 12], "texture": "#0"},
				"down": {"uv": [0, 6, 7, 12], "texture": "#0"}
			}
		},
		{
			"from": [9, 5, 4],
			"to": [11, 7, 6],
			"faces": {
				"north": {"uv": [0, 6, 7, 12], "texture": "#0"},
				"east": {"uv": [0, 6, 7, 12], "texture": "#0"},
				"south": {"uv": [0, 6, 7, 12], "texture": "#0"},
				"west": {"uv": [0, 6, 7, 12], "texture": "#0"},
				"up": {"uv": [0, 6, 7, 12], "texture": "#0"},
				"down": {"uv": [0, 6, 7, 12], "texture": "#0"}
			}
		},
		{
			"from": [7, 3, 4],
			"to": [9, 5, 6],
			"faces": {
				"north": {"uv": [0, 6, 7, 12], "texture": "#0"},
				"east": {"uv": [0, 6, 7, 12], "texture": "#0"},
				"south": {"uv": [0, 6, 7, 12], "texture": "#0"},
				"west": {"uv": [0, 6, 7, 12], "texture": "#0"},
				"up": {"uv": [0, 6, 7, 12], "texture": "#0"},
				"down": {"uv": [0, 6, 7, 12], "texture": "#0"}
			}
		}
	],
	"display": {
		"gui": {
			"rotation": [-132.15, 67.25, -169.14],
			"translation": [-3.75, 0, 0],
			"scale": [0.68359, 0.7793, 0.49609]
		},
		"head": {
			"translation": [0, 2.25, -9.75]
		}
	}
}