{
	"credit": "Made with Blockbench",
	"textures": {
		"0": "greenwood:model/kingdom",
		"1": "greenwood:model/kingdomback",
		"particle": "greenwood:model/kingdom"
	},
	"elements": [
		{
			"name": "kingdom_0",
			"from": [7.5875, 8.85, 0],
			"to": [8.625, 14.7375, 1.0125],
			"faces": {
				"north": {"uv": [8.625, 2.24444, 7.5875, 12.71111], "texture": "#0"},
				"east": {"uv": [8.6125, 2.24444, 8.625, 12.71111], "texture": "#0"},
				"south": {"uv": [7.5875, 2.24444, 8.625, 12.71111], "texture": "#0"},
				"west": {"uv": [7.5875, 2.24444, 7.6, 12.71111], "texture": "#0"},
				"up": {"uv": [7.5875, 2.24444, 8.625, 2.26667], "texture": "#0"},
				"down": {"uv": [7.5875, 12.68889, 8.625, 12.71111], "texture": "#0"}
			}
		},
		{
			"name": "kingdom_1",
			"from": [7.375, 8.85, 0],
			"to": [7.5875, 14.55, 1.0125],
			"faces": {
				"north": {"uv": [7.5875, 2.57778, 7.375, 12.71111], "texture": "#0"},
				"east": {"uv": [7.575, 2.57778, 7.5875, 12.71111], "texture": "#0"},
				"south": {"uv": [7.375, 2.57778, 7.5875, 12.71111], "texture": "#0"},
				"west": {"uv": [7.375, 2.57778, 7.3875, 12.71111], "texture": "#0"},
				"up": {"uv": [7.375, 2.57778, 7.5875, 2.6], "texture": "#0"},
				"down": {"uv": [7.375, 12.68889, 7.5875, 12.71111], "texture": "#0"}
			}
		},
		{
			"name": "kingdom_2",
			"from": [8.625, 8.85, 0],
			"to": [9.2625, 14.55, 1.0125],
			"faces": {
				"north": {"uv": [9.2625, 2.57778, 8.625, 12.71111], "texture": "#0"},
				"east": {"uv": [9.25, 2.57778, 9.2625, 12.71111], "texture": "#0"},
				"south": {"uv": [8.625, 2.57778, 9.2625, 12.71111], "texture": "#0"},
				"west": {"uv": [8.625, 2.57778, 8.6375, 12.71111], "texture": "#0"},
				"up": {"uv": [8.625, 2.57778, 9.2625, 2.6], "texture": "#0"},
				"down": {"uv": [8.625, 12.68889, 9.2625, 12.71111], "texture": "#0"}
			}
		},
		{
			"name": "kingdom_3",
			"from": [5.2375, 8.675, 0],
			"to": [6.7125, 14.375, 1.0125],
			"faces": {
				"north": {"uv": [6.7125, 2.88889, 5.2375, 13.02222], "texture": "#0"},
				"east": {"uv": [6.7, 2.88889, 6.7125, 13.02222], "texture": "#0"},
				"south": {"uv": [5.2375, 2.88889, 6.7125, 13.02222], "texture": "#0"},
				"west": {"uv": [5.2375, 2.88889, 5.25, 13.02222], "texture": "#0"},
				"up": {"uv": [5.2375, 2.88889, 6.7125, 2.91111], "texture": "#0"},
				"down": {"uv": [5.2375, 13, 6.7125, 13.02222], "texture": "#0"}
			}
		},
		{
			"name": "kingdom_4",
			"from": [7.1625, 8.675, 0],
			"to": [7.375, 14.375, 1.0125],
			"faces": {
				"north": {"uv": [7.375, 2.88889, 7.1625, 13.02222], "texture": "#0"},
				"east": {"uv": [7.3625, 2.88889, 7.375, 13.02222], "texture": "#0"},
				"south": {"uv": [7.1625, 2.88889, 7.375, 13.02222], "texture": "#0"},
				"west": {"uv": [7.1625, 2.88889, 7.175, 13.02222], "texture": "#0"},
				"up": {"uv": [7.1625, 2.88889, 7.375, 2.91111], "texture": "#0"},
				"down": {"uv": [7.1625, 13, 7.375, 13.02222], "texture": "#0"}
			}
		},
		{
			"name": "kingdom_5",
			"from": [9.2625, 8.675, 0],
			"to": [9.475, 14.375, 1.0125],
			"faces": {
				"north": {"uv": [9.475, 2.88889, 9.2625, 13.02222], "texture": "#0"},
				"east": {"uv": [9.4625, 2.88889, 9.475, 13.02222], "texture": "#0"},
				"south": {"uv": [9.2625, 2.88889, 9.475, 13.02222], "texture": "#0"},
				"west": {"uv": [9.2625, 2.88889, 9.275, 13.02222], "texture": "#0"},
				"up": {"uv": [9.2625, 2.88889, 9.475, 2.91111], "texture": "#0"},
				"down": {"uv": [9.2625, 13, 9.475, 13.02222], "texture": "#0"}
			}
		},
		{
			"name": "kingdom_6",
			"from": [4.6125, 12.4875, 0],
			"to": [5.2375, 14.2125, 1.0125],
			"faces": {
				"north": {"uv": [5.2375, 3.17778, 4.6125, 6.24444], "texture": "#0"},
				"east": {"uv": [5.225, 3.17778, 5.2375, 6.24444], "texture": "#0"},
				"south": {"uv": [4.6125, 3.17778, 5.2375, 6.24444], "texture": "#0"},
				"west": {"uv": [4.6125, 3.17778, 4.625, 6.24444], "texture": "#0"},
				"up": {"uv": [4.6125, 3.17778, 5.2375, 3.2], "texture": "#0"},
				"down": {"uv": [4.6125, 6.22222, 5.2375, 6.24444], "texture": "#0"}
			}
		},
		{
			"name": "kingdom_7",
			"from": [6.95, 8.675, 0],
			"to": [7.1625, 14.2125, 1.0125],
			"faces": {
				"north": {"uv": [7.1625, 3.17778, 6.95, 13.02222], "texture": "#0"},
				"east": {"uv": [7.15, 3.17778, 7.1625, 13.02222], "texture": "#0"},
				"south": {"uv": [6.95, 3.17778, 7.1625, 13.02222], "texture": "#0"},
				"west": {"uv": [6.95, 3.17778, 6.9625, 13.02222], "texture": "#0"},
				"up": {"uv": [6.95, 3.17778, 7.1625, 3.2], "texture": "#0"},
				"down": {"uv": [6.95, 13, 7.1625, 13.02222], "texture": "#0"}
			}
		},
		{
			"name": "kingdom_8",
			"from": [6.7125, 8.675, 0],
			"to": [6.95, 14.025, 1.0125],
			"faces": {
				"north": {"uv": [6.95, 3.51111, 6.7125, 13.02222], "texture": "#0"},
				"east": {"uv": [6.9375, 3.51111, 6.95, 13.02222], "texture": "#0"},
				"south": {"uv": [6.7125, 3.51111, 6.95, 13.02222], "texture": "#0"},
				"west": {"uv": [6.7125, 3.51111, 6.725, 13.02222], "texture": "#0"},
				"up": {"uv": [6.7125, 3.51111, 6.95, 3.53333], "texture": "#0"},
				"down": {"uv": [6.7125, 13, 6.95, 13.02222], "texture": "#0"}
			}
		},
		{
			"name": "kingdom_9",
			"from": [9.475, 8.675, 0],
			"to": [9.9125, 14.025, 1.0125],
			"faces": {
				"north": {"uv": [9.9125, 3.51111, 9.475, 13.02222], "texture": "#0"},
				"east": {"uv": [9.9, 3.51111, 9.9125, 13.02222], "texture": "#0"},
				"south": {"uv": [9.475, 3.51111, 9.9125, 13.02222], "texture": "#0"},
				"west": {"uv": [9.475, 3.51111, 9.4875, 13.02222], "texture": "#0"},
				"up": {"uv": [9.475, 3.51111, 9.9125, 3.53333], "texture": "#0"},
				"down": {"uv": [9.475, 13, 9.9125, 13.02222], "texture": "#0"}
			}
		},
		{
			"name": "kingdom_10",
			"from": [4.4, 12.675, 0],
			"to": [4.6125, 13.85, 1.0125],
			"faces": {
				"north": {"uv": [4.6125, 3.82222, 4.4, 5.91111], "texture": "#0"},
				"east": {"uv": [4.6, 3.82222, 4.6125, 5.91111], "texture": "#0"},
				"south": {"uv": [4.4, 3.82222, 4.6125, 5.91111], "texture": "#0"},
				"west": {"uv": [4.4, 3.82222, 4.4125, 5.91111], "texture": "#0"},
				"up": {"uv": [4.4, 3.82222, 4.6125, 3.84444], "texture": "#0"},
				"down": {"uv": [4.4, 5.88889, 4.6125, 5.91111], "texture": "#0"}
			}
		},
		{
			"name": "kingdom_11",
			"from": [9.9125, 8.85, 0],
			"to": [10.3375, 13.325, 1.0125],
			"faces": {
				"north": {"uv": [10.3375, 4.75556, 9.9125, 12.71111], "texture": "#0"},
				"east": {"uv": [10.325, 4.75556, 10.3375, 12.71111], "texture": "#0"},
				"south": {"uv": [9.9125, 4.75556, 10.3375, 12.71111], "texture": "#0"},
				"west": {"uv": [9.9125, 4.75556, 9.925, 12.71111], "texture": "#0"},
				"up": {"uv": [9.9125, 4.75556, 10.3375, 4.77778], "texture": "#0"},
				"down": {"uv": [9.9125, 12.68889, 10.3375, 12.71111], "texture": "#0"}
			}
		},
		{
			"name": "kingdom_12",
			"from": [11.2125, 9.0125, 0],
			"to": [12.025, 13.325, 1.0125],
			"faces": {
				"north": {"uv": [12.025, 4.75556, 11.2125, 12.42222], "texture": "#0"},
				"east": {"uv": [12.0125, 4.75556, 12.025, 12.42222], "texture": "#0"},
				"south": {"uv": [11.2125, 4.75556, 12.025, 12.42222], "texture": "#0"},
				"west": {"uv": [11.2125, 4.75556, 11.225, 12.42222], "texture": "#0"},
				"up": {"uv": [11.2125, 4.75556, 12.025, 4.77778], "texture": "#0"},
				"down": {"uv": [11.2125, 12.4, 12.025, 12.42222], "texture": "#0"}
			}
		},
		{
			"name": "kingdom_13",
			"from": [10.3375, 8.85, 0],
			"to": [10.55, 13.1625, 1.0125],
			"faces": {
				"north": {"uv": [10.55, 5.04444, 10.3375, 12.71111], "texture": "#0"},
				"east": {"uv": [10.5375, 5.04444, 10.55, 12.71111], "texture": "#0"},
				"south": {"uv": [10.3375, 5.04444, 10.55, 12.71111], "texture": "#0"},
				"west": {"uv": [10.3375, 5.04444, 10.35, 12.71111], "texture": "#0"},
				"up": {"uv": [10.3375, 5.04444, 10.55, 5.06667], "texture": "#0"},
				"down": {"uv": [10.3375, 12.68889, 10.55, 12.71111], "texture": "#0"}
			}
		},
		{
			"name": "kingdom_14",
			"from": [10.7875, 8.675, 0],
			"to": [11.2125, 13.1625, 1.0125],
			"faces": {
				"north": {"uv": [11.2125, 5.04444, 10.7875, 13.02222], "texture": "#0"},
				"east": {"uv": [11.2, 5.04444, 11.2125, 13.02222], "texture": "#0"},
				"south": {"uv": [10.7875, 5.04444, 11.2125, 13.02222], "texture": "#0"},
				"west": {"uv": [10.7875, 5.04444, 10.8, 13.02222], "texture": "#0"},
				"up": {"uv": [10.7875, 5.04444, 11.2125, 5.06667], "texture": "#0"},
				"down": {"uv": [10.7875, 13, 11.2125, 13.02222], "texture": "#0"}
			}
		},
		{
			"name": "kingdom_15",
			"from": [12.025, 9.3875, 0],
			"to": [13.0875, 13.1625, 1.0125],
			"faces": {
				"north": {"uv": [13.0875, 5.04444, 12.025, 11.75556], "texture": "#0"},
				"east": {"uv": [13.075, 5.04444, 13.0875, 11.75556], "texture": "#0"},
				"south": {"uv": [12.025, 5.04444, 13.0875, 11.75556], "texture": "#0"},
				"west": {"uv": [12.025, 5.04444, 12.0375, 11.75556], "texture": "#0"},
				"up": {"uv": [12.025, 5.04444, 13.0875, 5.06667], "texture": "#0"},
				"down": {"uv": [12.025, 11.73333, 13.0875, 11.75556], "texture": "#0"}
			}
		},
		{
			"name": "kingdom_16",
			"from": [13.0875, 12.4875, 0],
			"to": [13.5375, 13.1625, 1.0125],
			"faces": {
				"north": {"uv": [13.5375, 5.04444, 13.0875, 6.24444], "texture": "#0"},
				"east": {"uv": [13.525, 5.04444, 13.5375, 6.24444], "texture": "#0"},
				"south": {"uv": [13.0875, 5.04444, 13.5375, 6.24444], "texture": "#0"},
				"west": {"uv": [13.0875, 5.04444, 13.1, 6.24444], "texture": "#0"},
				"up": {"uv": [13.0875, 5.04444, 13.5375, 5.06667], "texture": "#0"},
				"down": {"uv": [13.0875, 6.22222, 13.5375, 6.24444], "texture": "#0"}
			}
		},
		{
			"name": "kingdom_17",
			"from": [10.55, 8.675, 0],
			"to": [10.7875, 12.9875, 1.0125],
			"faces": {
				"north": {"uv": [10.7875, 5.35556, 10.55, 13.02222], "texture": "#0"},
				"east": {"uv": [10.775, 5.35556, 10.7875, 13.02222], "texture": "#0"},
				"south": {"uv": [10.55, 5.35556, 10.7875, 13.02222], "texture": "#0"},
				"west": {"uv": [10.55, 5.35556, 10.5625, 13.02222], "texture": "#0"},
				"up": {"uv": [10.55, 5.35556, 10.7875, 5.37778], "texture": "#0"},
				"down": {"uv": [10.55, 13, 10.7875, 13.02222], "texture": "#0"}
			}
		},
		{
			"name": "kingdom_18",
			"from": [13.0875, 12.325, 0],
			"to": [13.325, 12.4875, 1.0125],
			"faces": {
				"north": {"uv": [13.325, 6.24444, 13.0875, 6.53333], "texture": "#0"},
				"east": {"uv": [13.3125, 6.24444, 13.325, 6.53333], "texture": "#0"},
				"south": {"uv": [13.0875, 6.24444, 13.325, 6.53333], "texture": "#0"},
				"west": {"uv": [13.0875, 6.24444, 13.1, 6.53333], "texture": "#0"},
				"up": {"uv": [13.0875, 6.24444, 13.325, 6.26667], "texture": "#0"},
				"down": {"uv": [13.0875, 6.51111, 13.325, 6.53333], "texture": "#0"}
			}
		},
		{
			"name": "kingdom_19",
			"from": [5.025, 8.3375, 0],
			"to": [5.2375, 12.2875, 1.0125],
			"faces": {
				"north": {"uv": [5.2375, 6.6, 5.025, 13.62222], "texture": "#0"},
				"east": {"uv": [5.225, 6.6, 5.2375, 13.62222], "texture": "#0"},
				"south": {"uv": [5.025, 6.6, 5.2375, 13.62222], "texture": "#0"},
				"west": {"uv": [5.025, 6.6, 5.0375, 13.62222], "texture": "#0"},
				"up": {"uv": [5.025, 6.6, 5.2375, 6.62222], "texture": "#0"},
				"down": {"uv": [5.025, 13.6, 5.2375, 13.62222], "texture": "#0"}
			}
		},
		{
			"name": "kingdom_20",
			"from": [13.0875, 10.575, 0],
			"to": [13.1, 12.125, 1.0125],
			"faces": {
				"north": {"uv": [13.1, 6.88889, 13.0875, 9.64444], "texture": "#0"},
				"east": {"uv": [13.0875, 6.88889, 13.1, 9.64444], "texture": "#0"},
				"south": {"uv": [13.0875, 6.88889, 13.1, 9.64444], "texture": "#0"},
				"west": {"uv": [13.0875, 6.88889, 13.1, 9.64444], "texture": "#0"},
				"up": {"uv": [13.0875, 6.88889, 13.1, 6.91111], "texture": "#0"},
				"down": {"uv": [13.0875, 9.62222, 13.1, 9.64444], "texture": "#0"}
			}
		},
		{
			"name": "kingdom_21",
			"from": [4.8125, 8.3375, 0],
			"to": [5.025, 12.1125, 1.0125],
			"faces": {
				"north": {"uv": [5.025, 6.91111, 4.8125, 13.62222], "texture": "#0"},
				"east": {"uv": [5.0125, 6.91111, 5.025, 13.62222], "texture": "#0"},
				"south": {"uv": [4.8125, 6.91111, 5.025, 13.62222], "texture": "#0"},
				"west": {"uv": [4.8125, 6.91111, 4.825, 13.62222], "texture": "#0"},
				"up": {"uv": [4.8125, 6.91111, 5.025, 6.93333], "texture": "#0"},
				"down": {"uv": [4.8125, 13.6, 5.025, 13.62222], "texture": "#0"}
			}
		},
		{
			"name": "kingdom_22",
			"from": [13.1, 10.575, 0],
			"to": [13.325, 12.1125, 1.0125],
			"faces": {
				"north": {"uv": [13.325, 6.91111, 13.1, 9.64444], "texture": "#0"},
				"east": {"uv": [13.3125, 6.91111, 13.325, 9.64444], "texture": "#0"},
				"south": {"uv": [13.1, 6.91111, 13.325, 9.64444], "texture": "#0"},
				"west": {"uv": [13.1, 6.91111, 13.1125, 9.64444], "texture": "#0"},
				"up": {"uv": [13.1, 6.91111, 13.325, 6.93333], "texture": "#0"},
				"down": {"uv": [13.1, 9.62222, 13.325, 9.64444], "texture": "#0"}
			}
		},
		{
			"name": "kingdom_23",
			"from": [2.0375, 10.0625, 0],
			"to": [3.5125, 11.9375, 1.0125],
			"faces": {
				"north": {"uv": [3.5125, 7.22222, 2.0375, 10.55556], "texture": "#0"},
				"east": {"uv": [3.5, 7.22222, 3.5125, 10.55556], "texture": "#0"},
				"south": {"uv": [2.0375, 7.22222, 3.5125, 10.55556], "texture": "#0"},
				"west": {"uv": [2.0375, 7.22222, 2.05, 10.55556], "texture": "#0"},
				"up": {"uv": [2.0375, 7.22222, 3.5125, 7.24444], "texture": "#0"},
				"down": {"uv": [2.0375, 10.53333, 3.5125, 10.55556], "texture": "#0"}
			}
		},
		{
			"name": "kingdom_24",
			"from": [4.6125, 8.3375, 0],
			"to": [4.8125, 11.9375, 1.0125],
			"faces": {
				"north": {"uv": [4.8125, 7.22222, 4.6125, 13.62222], "texture": "#0"},
				"east": {"uv": [4.8, 7.22222, 4.8125, 13.62222], "texture": "#0"},
				"south": {"uv": [4.6125, 7.22222, 4.8125, 13.62222], "texture": "#0"},
				"west": {"uv": [4.6125, 7.22222, 4.625, 13.62222], "texture": "#0"},
				"up": {"uv": [4.6125, 7.22222, 4.8125, 7.24444], "texture": "#0"},
				"down": {"uv": [4.6125, 13.6, 4.8125, 13.62222], "texture": "#0"}
			}
		},
		{
			"name": "kingdom_25",
			"from": [3.5125, 8.5125, 0],
			"to": [4.6125, 11.775, 1.0125],
			"faces": {
				"north": {"uv": [4.6125, 7.51111, 3.5125, 13.31111], "texture": "#0"},
				"east": {"uv": [4.6, 7.51111, 4.6125, 13.31111], "texture": "#0"},
				"south": {"uv": [3.5125, 7.51111, 4.6125, 13.31111], "texture": "#0"},
				"west": {"uv": [3.5125, 7.51111, 3.525, 13.31111], "texture": "#0"},
				"up": {"uv": [3.5125, 7.51111, 4.6125, 7.53333], "texture": "#0"},
				"down": {"uv": [3.5125, 13.28889, 4.6125, 13.31111], "texture": "#0"}
			}
		},
		{
			"name": "kingdom_26",
			"from": [2.25, 8.5125, 0],
			"to": [3.5125, 10.0625, 1.0125],
			"faces": {
				"north": {"uv": [3.5125, 10.55556, 2.25, 13.31111], "texture": "#0"},
				"east": {"uv": [3.5, 10.55556, 3.5125, 13.31111], "texture": "#0"},
				"south": {"uv": [2.25, 10.55556, 3.5125, 13.31111], "texture": "#0"},
				"west": {"uv": [2.25, 10.55556, 2.2625, 13.31111], "texture": "#0"},
				"up": {"uv": [2.25, 10.55556, 3.5125, 10.57778], "texture": "#0"},
				"down": {"uv": [2.25, 13.28889, 3.5125, 13.31111], "texture": "#0"}
			}
		},
		{
			"name": "kingdom_27",
			"from": [2.0375, 8.675, 0],
			"to": [2.25, 9.6875, 1.0125],
			"faces": {
				"north": {"uv": [2.25, 11.22222, 2.0375, 13.02222], "texture": "#0"},
				"east": {"uv": [2.2375, 11.22222, 2.25, 13.02222], "texture": "#0"},
				"south": {"uv": [2.0375, 11.22222, 2.25, 13.02222], "texture": "#0"},
				"west": {"uv": [2.0375, 11.22222, 2.05, 13.02222], "texture": "#0"},
				"up": {"uv": [2.0375, 11.22222, 2.25, 11.24444], "texture": "#0"},
				"down": {"uv": [2.0375, 13, 2.25, 13.02222], "texture": "#0"}
			}
		},
		{
			"name": "kingdom_28",
			"from": [12.025, 9.0125, 0],
			"to": [12.875, 9.3875, 1.0125],
			"faces": {
				"north": {"uv": [12.875, 11.75556, 12.025, 12.42222], "texture": "#0"},
				"east": {"uv": [12.8625, 11.75556, 12.875, 12.42222], "texture": "#0"},
				"south": {"uv": [12.025, 11.75556, 12.875, 12.42222], "texture": "#0"},
				"west": {"uv": [12.025, 11.75556, 12.0375, 12.42222], "texture": "#0"},
				"up": {"uv": [12.025, 11.75556, 12.875, 11.77778], "texture": "#0"},
				"down": {"uv": [12.025, 12.4, 12.875, 12.42222], "texture": "#0"}
			}
		},
		{
			"name": "kingdom_29",
			"from": [1.825, 8.85, 0],
			"to": [2.0375, 9.35, 1.0125],
			"faces": {
				"north": {"uv": [2.0375, 11.82222, 1.825, 12.71111], "texture": "#0"},
				"east": {"uv": [2.025, 11.82222, 2.0375, 12.71111], "texture": "#0"},
				"south": {"uv": [1.825, 11.82222, 2.0375, 12.71111], "texture": "#0"},
				"west": {"uv": [1.825, 11.82222, 1.8375, 12.71111], "texture": "#0"},
				"up": {"uv": [1.825, 11.82222, 2.0375, 11.84444], "texture": "#0"},
				"down": {"uv": [1.825, 12.68889, 2.0375, 12.71111], "texture": "#0"}
			}
		},
		{
			"name": "kingdom_30",
			"from": [11.2125, 8.675, 0],
			"to": [11.3875, 9.0125, 1.0125],
			"faces": {
				"north": {"uv": [11.3875, 12.42222, 11.2125, 13.02222], "texture": "#0"},
				"east": {"uv": [11.375, 12.42222, 11.3875, 13.02222], "texture": "#0"},
				"south": {"uv": [11.2125, 12.42222, 11.3875, 13.02222], "texture": "#0"},
				"west": {"uv": [11.2125, 12.42222, 11.225, 13.02222], "texture": "#0"},
				"up": {"uv": [11.2125, 12.42222, 11.3875, 12.44444], "texture": "#0"},
				"down": {"uv": [11.2125, 13, 11.3875, 13.02222], "texture": "#0"}
			}
		},
		{
			"name": "kingdom_31",
			"from": [11.3875, 9, 0],
			"to": [11.4125, 9.0125, 1.0125],
			"faces": {
				"north": {"uv": [11.4125, 12.42222, 11.3875, 12.44444], "texture": "#0"},
				"east": {"uv": [11.4, 12.42222, 11.4125, 12.44444], "texture": "#0"},
				"south": {"uv": [11.3875, 12.42222, 11.4125, 12.44444], "texture": "#0"},
				"west": {"uv": [11.3875, 12.42222, 11.4, 12.44444], "texture": "#0"},
				"up": {"uv": [11.3875, 12.42222, 11.4125, 12.44444], "texture": "#0"},
				"down": {"uv": [11.3875, 12.42222, 11.4125, 12.44444], "texture": "#0"}
			}
		},
		{
			"name": "kingdom_32",
			"from": [12.0375, 9, 0],
			"to": [12.875, 9.0125, 1.0125],
			"faces": {
				"north": {"uv": [12.875, 12.42222, 12.0375, 12.44444], "texture": "#0"},
				"east": {"uv": [12.8625, 12.42222, 12.875, 12.44444], "texture": "#0"},
				"south": {"uv": [12.0375, 12.42222, 12.875, 12.44444], "texture": "#0"},
				"west": {"uv": [12.0375, 12.42222, 12.05, 12.44444], "texture": "#0"},
				"up": {"uv": [12.0375, 12.42222, 12.875, 12.44444], "texture": "#0"},
				"down": {"uv": [12.0375, 12.42222, 12.875, 12.44444], "texture": "#0"}
			}
		},
		{
			"name": "kingdom_33",
			"from": [12.0625, 8.85, 0],
			"to": [12.875, 9, 1.0125],
			"faces": {
				"north": {"uv": [12.875, 12.44444, 12.0625, 12.71111], "texture": "#0"},
				"east": {"uv": [12.8625, 12.44444, 12.875, 12.71111], "texture": "#0"},
				"south": {"uv": [12.0625, 12.44444, 12.875, 12.71111], "texture": "#0"},
				"west": {"uv": [12.0625, 12.44444, 12.075, 12.71111], "texture": "#0"},
				"up": {"uv": [12.0625, 12.44444, 12.875, 12.46667], "texture": "#0"},
				"down": {"uv": [12.0625, 12.68889, 12.875, 12.71111], "texture": "#0"}
			}
		},
		{
			"name": "kingdom_34",
			"from": [7.375, 8.675, 0],
			"to": [7.55, 8.85, 1.0125],
			"faces": {
				"north": {"uv": [7.55, 12.71111, 7.375, 13.02222], "texture": "#0"},
				"east": {"uv": [7.5375, 12.71111, 7.55, 13.02222], "texture": "#0"},
				"south": {"uv": [7.375, 12.71111, 7.55, 13.02222], "texture": "#0"},
				"west": {"uv": [7.375, 12.71111, 7.3875, 13.02222], "texture": "#0"},
				"up": {"uv": [7.375, 12.71111, 7.55, 12.73333], "texture": "#0"},
				"down": {"uv": [7.375, 13, 7.55, 13.02222], "texture": "#0"}
			}
		},
		{
			"name": "kingdom_35",
			"from": [8.875, 8.675, 0],
			"to": [9.2625, 8.85, 1.0125],
			"faces": {
				"north": {"uv": [9.2625, 12.71111, 8.875, 13.02222], "texture": "#0"},
				"east": {"uv": [9.25, 12.71111, 9.2625, 13.02222], "texture": "#0"},
				"south": {"uv": [8.875, 12.71111, 9.2625, 13.02222], "texture": "#0"},
				"west": {"uv": [8.875, 12.71111, 8.8875, 13.02222], "texture": "#0"},
				"up": {"uv": [8.875, 12.71111, 9.2625, 12.73333], "texture": "#0"},
				"down": {"uv": [8.875, 13, 9.2625, 13.02222], "texture": "#0"}
			}
		},
		{
			"name": "kingdom_36",
			"from": [9.9125, 8.675, 0],
			"to": [10.125, 8.85, 1.0125],
			"faces": {
				"north": {"uv": [10.125, 12.71111, 9.9125, 13.02222], "texture": "#0"},
				"east": {"uv": [10.1125, 12.71111, 10.125, 13.02222], "texture": "#0"},
				"south": {"uv": [9.9125, 12.71111, 10.125, 13.02222], "texture": "#0"},
				"west": {"uv": [9.9125, 12.71111, 9.925, 13.02222], "texture": "#0"},
				"up": {"uv": [9.9125, 12.71111, 10.125, 12.73333], "texture": "#0"},
				"down": {"uv": [9.9125, 13, 10.125, 13.02222], "texture": "#0"}
			}
		},
		{
			"name": "kingdom_37",
			"from": [10.125, 8.8375, 0],
			"to": [10.1375, 8.85, 1.0125],
			"faces": {
				"north": {"uv": [10.1375, 12.71111, 10.125, 12.73333], "texture": "#0"},
				"east": {"uv": [10.125, 12.71111, 10.1375, 12.73333], "texture": "#0"},
				"south": {"uv": [10.125, 12.71111, 10.1375, 12.73333], "texture": "#0"},
				"west": {"uv": [10.125, 12.71111, 10.1375, 12.73333], "texture": "#0"},
				"up": {"uv": [10.125, 12.71111, 10.1375, 12.73333], "texture": "#0"},
				"down": {"uv": [10.125, 12.71111, 10.1375, 12.73333], "texture": "#0"}
			}
		},
		{
			"name": "kingdom_38",
			"from": [10.3625, 8.675, 0],
			"to": [10.55, 8.85, 1.0125],
			"faces": {
				"north": {"uv": [10.55, 12.71111, 10.3625, 13.02222], "texture": "#0"},
				"east": {"uv": [10.5375, 12.71111, 10.55, 13.02222], "texture": "#0"},
				"south": {"uv": [10.3625, 12.71111, 10.55, 13.02222], "texture": "#0"},
				"west": {"uv": [10.3625, 12.71111, 10.375, 13.02222], "texture": "#0"},
				"up": {"uv": [10.3625, 12.71111, 10.55, 12.73333], "texture": "#0"},
				"down": {"uv": [10.3625, 13, 10.55, 13.02222], "texture": "#0"}
			}
		},
		{
			"name": "kingdom_39",
			"from": [12.275, 8.675, 0],
			"to": [12.875, 8.85, 1.0125],
			"faces": {
				"north": {"uv": [12.875, 12.71111, 12.275, 13.02222], "texture": "#0"},
				"east": {"uv": [12.8625, 12.71111, 12.875, 13.02222], "texture": "#0"},
				"south": {"uv": [12.275, 12.71111, 12.875, 13.02222], "texture": "#0"},
				"west": {"uv": [12.275, 12.71111, 12.2875, 13.02222], "texture": "#0"},
				"up": {"uv": [12.275, 12.71111, 12.875, 12.73333], "texture": "#0"},
				"down": {"uv": [12.275, 13, 12.875, 13.02222], "texture": "#0"}
			}
		},
		{
			"name": "kingdom_40",
			"from": [5.2375, 8.3375, 0],
			"to": [5.85, 8.675, 1.0125],
			"faces": {
				"north": {"uv": [5.85, 13.02222, 5.2375, 13.62222], "texture": "#0"},
				"east": {"uv": [5.8375, 13.02222, 5.85, 13.62222], "texture": "#0"},
				"south": {"uv": [5.2375, 13.02222, 5.85, 13.62222], "texture": "#0"},
				"west": {"uv": [5.2375, 13.02222, 5.25, 13.62222], "texture": "#0"},
				"up": {"uv": [5.2375, 13.02222, 5.85, 13.04444], "texture": "#0"},
				"down": {"uv": [5.2375, 13.6, 5.85, 13.62222], "texture": "#0"}
			}
		},
		{
			"name": "kingdom_41",
			"from": [5.85, 8.5125, 0],
			"to": [6.0625, 8.675, 1.0125],
			"faces": {
				"north": {"uv": [6.0625, 13.02222, 5.85, 13.31111], "texture": "#0"},
				"east": {"uv": [6.05, 13.02222, 6.0625, 13.31111], "texture": "#0"},
				"south": {"uv": [5.85, 13.02222, 6.0625, 13.31111], "texture": "#0"},
				"west": {"uv": [5.85, 13.02222, 5.8625, 13.31111], "texture": "#0"},
				"up": {"uv": [5.85, 13.02222, 6.0625, 13.04444], "texture": "#0"},
				"down": {"uv": [5.85, 13.28889, 6.0625, 13.31111], "texture": "#0"}
			}
		},
		{
			"name": "kingdom_42",
			"from": [6.725, 8.6625, 0],
			"to": [7.125, 8.675, 1.0125],
			"faces": {
				"north": {"uv": [7.125, 13.02222, 6.725, 13.04444], "texture": "#0"},
				"east": {"uv": [7.1125, 13.02222, 7.125, 13.04444], "texture": "#0"},
				"south": {"uv": [6.725, 13.02222, 7.125, 13.04444], "texture": "#0"},
				"west": {"uv": [6.725, 13.02222, 6.7375, 13.04444], "texture": "#0"},
				"up": {"uv": [6.725, 13.02222, 7.125, 13.04444], "texture": "#0"},
				"down": {"uv": [6.725, 13.02222, 7.125, 13.04444], "texture": "#0"}
			}
		},
		{
			"name": "kingdom_43",
			"from": [6.7375, 8.5125, 0],
			"to": [7.125, 8.6625, 1.0125],
			"faces": {
				"north": {"uv": [7.125, 13.04444, 6.7375, 13.31111], "texture": "#0"},
				"east": {"uv": [7.1125, 13.04444, 7.125, 13.31111], "texture": "#0"},
				"south": {"uv": [6.7375, 13.04444, 7.125, 13.31111], "texture": "#0"},
				"west": {"uv": [6.7375, 13.04444, 6.75, 13.31111], "texture": "#0"},
				"up": {"uv": [6.7375, 13.04444, 7.125, 13.06667], "texture": "#0"},
				"down": {"uv": [6.7375, 13.28889, 7.125, 13.31111], "texture": "#0"}
			}
		},
		{
			"name": "kingdom_44",
			"from": [4.1875, 8.3375, 0],
			"to": [4.6125, 8.5125, 1.0125],
			"faces": {
				"north": {"uv": [4.6125, 13.31111, 4.1875, 13.62222], "texture": "#0"},
				"east": {"uv": [4.6, 13.31111, 4.6125, 13.62222], "texture": "#0"},
				"south": {"uv": [4.1875, 13.31111, 4.6125, 13.62222], "texture": "#0"},
				"west": {"uv": [4.1875, 13.31111, 4.2, 13.62222], "texture": "#0"},
				"up": {"uv": [4.1875, 13.31111, 4.6125, 13.33333], "texture": "#0"},
				"down": {"uv": [4.1875, 13.6, 4.6125, 13.62222], "texture": "#0"}
			}
		},
		{
			"name": "kingdomback_0",
			"from": [7.5875, 8.85, 0],
			"to": [8.625, 14.7375, 0.0125],
			"faces": {
				"north": {"uv": [8.625, 2.24444, 7.5875, 12.71111], "texture": "#1"},
				"east": {"uv": [8.6125, 2.24444, 8.625, 12.71111], "texture": "#1"},
				"south": {"uv": [7.5875, 2.24444, 8.625, 12.71111], "texture": "#1"},
				"west": {"uv": [7.5875, 2.24444, 7.6, 12.71111], "texture": "#1"},
				"up": {"uv": [7.5875, 2.24444, 8.625, 2.26667], "texture": "#1"},
				"down": {"uv": [7.5875, 12.68889, 8.625, 12.71111], "texture": "#1"}
			}
		},
		{
			"name": "kingdomback_1",
			"from": [7.375, 8.85, 0],
			"to": [7.5875, 14.55, 0.0125],
			"faces": {
				"north": {"uv": [7.5875, 2.57778, 7.375, 12.71111], "texture": "#1"},
				"east": {"uv": [7.575, 2.57778, 7.5875, 12.71111], "texture": "#1"},
				"south": {"uv": [7.375, 2.57778, 7.5875, 12.71111], "texture": "#1"},
				"west": {"uv": [7.375, 2.57778, 7.3875, 12.71111], "texture": "#1"},
				"up": {"uv": [7.375, 2.57778, 7.5875, 2.6], "texture": "#1"},
				"down": {"uv": [7.375, 12.68889, 7.5875, 12.71111], "texture": "#1"}
			}
		},
		{
			"name": "kingdomback_2",
			"from": [8.625, 8.85, 0],
			"to": [9.2625, 14.55, 0.0125],
			"faces": {
				"north": {"uv": [9.2625, 2.57778, 8.625, 12.71111], "texture": "#1"},
				"east": {"uv": [9.25, 2.57778, 9.2625, 12.71111], "texture": "#1"},
				"south": {"uv": [8.625, 2.57778, 9.2625, 12.71111], "texture": "#1"},
				"west": {"uv": [8.625, 2.57778, 8.6375, 12.71111], "texture": "#1"},
				"up": {"uv": [8.625, 2.57778, 9.2625, 2.6], "texture": "#1"},
				"down": {"uv": [8.625, 12.68889, 9.2625, 12.71111], "texture": "#1"}
			}
		},
		{
			"name": "kingdomback_3",
			"from": [5.2375, 8.675, 0],
			"to": [6.7125, 14.375, 0.0125],
			"faces": {
				"north": {"uv": [6.7125, 2.88889, 5.2375, 13.02222], "texture": "#1"},
				"east": {"uv": [6.7, 2.88889, 6.7125, 13.02222], "texture": "#1"},
				"south": {"uv": [5.2375, 2.88889, 6.7125, 13.02222], "texture": "#1"},
				"west": {"uv": [5.2375, 2.88889, 5.25, 13.02222], "texture": "#1"},
				"up": {"uv": [5.2375, 2.88889, 6.7125, 2.91111], "texture": "#1"},
				"down": {"uv": [5.2375, 13, 6.7125, 13.02222], "texture": "#1"}
			}
		},
		{
			"name": "kingdomback_4",
			"from": [7.1625, 8.675, 0],
			"to": [7.375, 14.375, 0.0125],
			"faces": {
				"north": {"uv": [7.375, 2.88889, 7.1625, 13.02222], "texture": "#1"},
				"east": {"uv": [7.3625, 2.88889, 7.375, 13.02222], "texture": "#1"},
				"south": {"uv": [7.1625, 2.88889, 7.375, 13.02222], "texture": "#1"},
				"west": {"uv": [7.1625, 2.88889, 7.175, 13.02222], "texture": "#1"},
				"up": {"uv": [7.1625, 2.88889, 7.375, 2.91111], "texture": "#1"},
				"down": {"uv": [7.1625, 13, 7.375, 13.02222], "texture": "#1"}
			}
		},
		{
			"name": "kingdomback_5",
			"from": [9.2625, 8.675, 0],
			"to": [9.475, 14.375, 0.0125],
			"faces": {
				"north": {"uv": [9.475, 2.88889, 9.2625, 13.02222], "texture": "#1"},
				"east": {"uv": [9.4625, 2.88889, 9.475, 13.02222], "texture": "#1"},
				"south": {"uv": [9.2625, 2.88889, 9.475, 13.02222], "texture": "#1"},
				"west": {"uv": [9.2625, 2.88889, 9.275, 13.02222], "texture": "#1"},
				"up": {"uv": [9.2625, 2.88889, 9.475, 2.91111], "texture": "#1"},
				"down": {"uv": [9.2625, 13, 9.475, 13.02222], "texture": "#1"}
			}
		},
		{
			"name": "kingdomback_6",
			"from": [4.6125, 12.4875, 0],
			"to": [5.2375, 14.2125, 0.0125],
			"faces": {
				"north": {"uv": [5.2375, 3.17778, 4.6125, 6.24444], "texture": "#1"},
				"east": {"uv": [5.225, 3.17778, 5.2375, 6.24444], "texture": "#1"},
				"south": {"uv": [4.6125, 3.17778, 5.2375, 6.24444], "texture": "#1"},
				"west": {"uv": [4.6125, 3.17778, 4.625, 6.24444], "texture": "#1"},
				"up": {"uv": [4.6125, 3.17778, 5.2375, 3.2], "texture": "#1"},
				"down": {"uv": [4.6125, 6.22222, 5.2375, 6.24444], "texture": "#1"}
			}
		},
		{
			"name": "kingdomback_7",
			"from": [6.95, 8.675, 0],
			"to": [7.1625, 14.2125, 0.0125],
			"faces": {
				"north": {"uv": [7.1625, 3.17778, 6.95, 13.02222], "texture": "#1"},
				"east": {"uv": [7.15, 3.17778, 7.1625, 13.02222], "texture": "#1"},
				"south": {"uv": [6.95, 3.17778, 7.1625, 13.02222], "texture": "#1"},
				"west": {"uv": [6.95, 3.17778, 6.9625, 13.02222], "texture": "#1"},
				"up": {"uv": [6.95, 3.17778, 7.1625, 3.2], "texture": "#1"},
				"down": {"uv": [6.95, 13, 7.1625, 13.02222], "texture": "#1"}
			}
		},
		{
			"name": "kingdomback_8",
			"from": [6.7125, 8.675, 0],
			"to": [6.95, 14.025, 0.0125],
			"faces": {
				"north": {"uv": [6.95, 3.51111, 6.7125, 13.02222], "texture": "#1"},
				"east": {"uv": [6.9375, 3.51111, 6.95, 13.02222], "texture": "#1"},
				"south": {"uv": [6.7125, 3.51111, 6.95, 13.02222], "texture": "#1"},
				"west": {"uv": [6.7125, 3.51111, 6.725, 13.02222], "texture": "#1"},
				"up": {"uv": [6.7125, 3.51111, 6.95, 3.53333], "texture": "#1"},
				"down": {"uv": [6.7125, 13, 6.95, 13.02222], "texture": "#1"}
			}
		},
		{
			"name": "kingdomback_9",
			"from": [9.475, 8.675, 0],
			"to": [9.9125, 14.025, 0.0125],
			"faces": {
				"north": {"uv": [9.9125, 3.51111, 9.475, 13.02222], "texture": "#1"},
				"east": {"uv": [9.9, 3.51111, 9.9125, 13.02222], "texture": "#1"},
				"south": {"uv": [9.475, 3.51111, 9.9125, 13.02222], "texture": "#1"},
				"west": {"uv": [9.475, 3.51111, 9.4875, 13.02222], "texture": "#1"},
				"up": {"uv": [9.475, 3.51111, 9.9125, 3.53333], "texture": "#1"},
				"down": {"uv": [9.475, 13, 9.9125, 13.02222], "texture": "#1"}
			}
		},
		{
			"name": "kingdomback_10",
			"from": [4.4, 12.675, 0],
			"to": [4.6125, 13.85, 0.0125],
			"faces": {
				"north": {"uv": [4.6125, 3.82222, 4.4, 5.91111], "texture": "#1"},
				"east": {"uv": [4.6, 3.82222, 4.6125, 5.91111], "texture": "#1"},
				"south": {"uv": [4.4, 3.82222, 4.6125, 5.91111], "texture": "#1"},
				"west": {"uv": [4.4, 3.82222, 4.4125, 5.91111], "texture": "#1"},
				"up": {"uv": [4.4, 3.82222, 4.6125, 3.84444], "texture": "#1"},
				"down": {"uv": [4.4, 5.88889, 4.6125, 5.91111], "texture": "#1"}
			}
		},
		{
			"name": "kingdomback_11",
			"from": [9.9125, 8.85, 0],
			"to": [10.3375, 13.325, 0.0125],
			"faces": {
				"north": {"uv": [10.3375, 4.75556, 9.9125, 12.71111], "texture": "#1"},
				"east": {"uv": [10.325, 4.75556, 10.3375, 12.71111], "texture": "#1"},
				"south": {"uv": [9.9125, 4.75556, 10.3375, 12.71111], "texture": "#1"},
				"west": {"uv": [9.9125, 4.75556, 9.925, 12.71111], "texture": "#1"},
				"up": {"uv": [9.9125, 4.75556, 10.3375, 4.77778], "texture": "#1"},
				"down": {"uv": [9.9125, 12.68889, 10.3375, 12.71111], "texture": "#1"}
			}
		},
		{
			"name": "kingdomback_12",
			"from": [11.2125, 9.0125, 0],
			"to": [12.025, 13.325, 0.0125],
			"faces": {
				"north": {"uv": [12.025, 4.75556, 11.2125, 12.42222], "texture": "#1"},
				"east": {"uv": [12.0125, 4.75556, 12.025, 12.42222], "texture": "#1"},
				"south": {"uv": [11.2125, 4.75556, 12.025, 12.42222], "texture": "#1"},
				"west": {"uv": [11.2125, 4.75556, 11.225, 12.42222], "texture": "#1"},
				"up": {"uv": [11.2125, 4.75556, 12.025, 4.77778], "texture": "#1"},
				"down": {"uv": [11.2125, 12.4, 12.025, 12.42222], "texture": "#1"}
			}
		},
		{
			"name": "kingdomback_13",
			"from": [10.3375, 8.85, 0],
			"to": [10.55, 13.1625, 0.0125],
			"faces": {
				"north": {"uv": [10.55, 5.04444, 10.3375, 12.71111], "texture": "#1"},
				"east": {"uv": [10.5375, 5.04444, 10.55, 12.71111], "texture": "#1"},
				"south": {"uv": [10.3375, 5.04444, 10.55, 12.71111], "texture": "#1"},
				"west": {"uv": [10.3375, 5.04444, 10.35, 12.71111], "texture": "#1"},
				"up": {"uv": [10.3375, 5.04444, 10.55, 5.06667], "texture": "#1"},
				"down": {"uv": [10.3375, 12.68889, 10.55, 12.71111], "texture": "#1"}
			}
		},
		{
			"name": "kingdomback_14",
			"from": [10.7875, 8.675, 0],
			"to": [11.2125, 13.1625, 0.0125],
			"faces": {
				"north": {"uv": [11.2125, 5.04444, 10.7875, 13.02222], "texture": "#1"},
				"east": {"uv": [11.2, 5.04444, 11.2125, 13.02222], "texture": "#1"},
				"south": {"uv": [10.7875, 5.04444, 11.2125, 13.02222], "texture": "#1"},
				"west": {"uv": [10.7875, 5.04444, 10.8, 13.02222], "texture": "#1"},
				"up": {"uv": [10.7875, 5.04444, 11.2125, 5.06667], "texture": "#1"},
				"down": {"uv": [10.7875, 13, 11.2125, 13.02222], "texture": "#1"}
			}
		},
		{
			"name": "kingdomback_15",
			"from": [12.025, 9.3875, 0],
			"to": [13.0875, 13.1625, 0.0125],
			"faces": {
				"north": {"uv": [13.0875, 5.04444, 12.025, 11.75556], "texture": "#1"},
				"east": {"uv": [13.075, 5.04444, 13.0875, 11.75556], "texture": "#1"},
				"south": {"uv": [12.025, 5.04444, 13.0875, 11.75556], "texture": "#1"},
				"west": {"uv": [12.025, 5.04444, 12.0375, 11.75556], "texture": "#1"},
				"up": {"uv": [12.025, 5.04444, 13.0875, 5.06667], "texture": "#1"},
				"down": {"uv": [12.025, 11.73333, 13.0875, 11.75556], "texture": "#1"}
			}
		},
		{
			"name": "kingdomback_16",
			"from": [13.0875, 12.4875, 0],
			"to": [13.5375, 13.1625, 0.0125],
			"faces": {
				"north": {"uv": [13.5375, 5.04444, 13.0875, 6.24444], "texture": "#1"},
				"east": {"uv": [13.525, 5.04444, 13.5375, 6.24444], "texture": "#1"},
				"south": {"uv": [13.0875, 5.04444, 13.5375, 6.24444], "texture": "#1"},
				"west": {"uv": [13.0875, 5.04444, 13.1, 6.24444], "texture": "#1"},
				"up": {"uv": [13.0875, 5.04444, 13.5375, 5.06667], "texture": "#1"},
				"down": {"uv": [13.0875, 6.22222, 13.5375, 6.24444], "texture": "#1"}
			}
		},
		{
			"name": "kingdomback_17",
			"from": [10.55, 8.675, 0],
			"to": [10.7875, 12.9875, 0.0125],
			"faces": {
				"north": {"uv": [10.7875, 5.35556, 10.55, 13.02222], "texture": "#1"},
				"east": {"uv": [10.775, 5.35556, 10.7875, 13.02222], "texture": "#1"},
				"south": {"uv": [10.55, 5.35556, 10.7875, 13.02222], "texture": "#1"},
				"west": {"uv": [10.55, 5.35556, 10.5625, 13.02222], "texture": "#1"},
				"up": {"uv": [10.55, 5.35556, 10.7875, 5.37778], "texture": "#1"},
				"down": {"uv": [10.55, 13, 10.7875, 13.02222], "texture": "#1"}
			}
		},
		{
			"name": "kingdomback_18",
			"from": [13.0875, 12.325, 0],
			"to": [13.325, 12.4875, 0.0125],
			"faces": {
				"north": {"uv": [13.325, 6.24444, 13.0875, 6.53333], "texture": "#1"},
				"east": {"uv": [13.3125, 6.24444, 13.325, 6.53333], "texture": "#1"},
				"south": {"uv": [13.0875, 6.24444, 13.325, 6.53333], "texture": "#1"},
				"west": {"uv": [13.0875, 6.24444, 13.1, 6.53333], "texture": "#1"},
				"up": {"uv": [13.0875, 6.24444, 13.325, 6.26667], "texture": "#1"},
				"down": {"uv": [13.0875, 6.51111, 13.325, 6.53333], "texture": "#1"}
			}
		},
		{
			"name": "kingdomback_19",
			"from": [5.025, 8.3375, 0],
			"to": [5.2375, 12.2875, 0.0125],
			"faces": {
				"north": {"uv": [5.2375, 6.6, 5.025, 13.62222], "texture": "#1"},
				"east": {"uv": [5.225, 6.6, 5.2375, 13.62222], "texture": "#1"},
				"south": {"uv": [5.025, 6.6, 5.2375, 13.62222], "texture": "#1"},
				"west": {"uv": [5.025, 6.6, 5.0375, 13.62222], "texture": "#1"},
				"up": {"uv": [5.025, 6.6, 5.2375, 6.62222], "texture": "#1"},
				"down": {"uv": [5.025, 13.6, 5.2375, 13.62222], "texture": "#1"}
			}
		},
		{
			"name": "kingdomback_20",
			"from": [13.0875, 10.575, 0],
			"to": [13.1, 12.125, 0.0125],
			"faces": {
				"north": {"uv": [13.1, 6.88889, 13.0875, 9.64444], "texture": "#1"},
				"east": {"uv": [13.0875, 6.88889, 13.1, 9.64444], "texture": "#1"},
				"south": {"uv": [13.0875, 6.88889, 13.1, 9.64444], "texture": "#1"},
				"west": {"uv": [13.0875, 6.88889, 13.1, 9.64444], "texture": "#1"},
				"up": {"uv": [13.0875, 6.88889, 13.1, 6.91111], "texture": "#1"},
				"down": {"uv": [13.0875, 9.62222, 13.1, 9.64444], "texture": "#1"}
			}
		},
		{
			"name": "kingdomback_21",
			"from": [4.8125, 8.3375, 0],
			"to": [5.025, 12.1125, 0.0125],
			"faces": {
				"north": {"uv": [5.025, 6.91111, 4.8125, 13.62222], "texture": "#1"},
				"east": {"uv": [5.0125, 6.91111, 5.025, 13.62222], "texture": "#1"},
				"south": {"uv": [4.8125, 6.91111, 5.025, 13.62222], "texture": "#1"},
				"west": {"uv": [4.8125, 6.91111, 4.825, 13.62222], "texture": "#1"},
				"up": {"uv": [4.8125, 6.91111, 5.025, 6.93333], "texture": "#1"},
				"down": {"uv": [4.8125, 13.6, 5.025, 13.62222], "texture": "#1"}
			}
		},
		{
			"name": "kingdomback_22",
			"from": [13.1, 10.575, 0],
			"to": [13.325, 12.1125, 0.0125],
			"faces": {
				"north": {"uv": [13.325, 6.91111, 13.1, 9.64444], "texture": "#1"},
				"east": {"uv": [13.3125, 6.91111, 13.325, 9.64444], "texture": "#1"},
				"south": {"uv": [13.1, 6.91111, 13.325, 9.64444], "texture": "#1"},
				"west": {"uv": [13.1, 6.91111, 13.1125, 9.64444], "texture": "#1"},
				"up": {"uv": [13.1, 6.91111, 13.325, 6.93333], "texture": "#1"},
				"down": {"uv": [13.1, 9.62222, 13.325, 9.64444], "texture": "#1"}
			}
		},
		{
			"name": "kingdomback_23",
			"from": [2.0375, 10.0625, 0],
			"to": [3.5125, 11.9375, 0.0125],
			"faces": {
				"north": {"uv": [3.5125, 7.22222, 2.0375, 10.55556], "texture": "#1"},
				"east": {"uv": [3.5, 7.22222, 3.5125, 10.55556], "texture": "#1"},
				"south": {"uv": [2.0375, 7.22222, 3.5125, 10.55556], "texture": "#1"},
				"west": {"uv": [2.0375, 7.22222, 2.05, 10.55556], "texture": "#1"},
				"up": {"uv": [2.0375, 7.22222, 3.5125, 7.24444], "texture": "#1"},
				"down": {"uv": [2.0375, 10.53333, 3.5125, 10.55556], "texture": "#1"}
			}
		},
		{
			"name": "kingdomback_24",
			"from": [4.6125, 8.3375, 0],
			"to": [4.8125, 11.9375, 0.0125],
			"faces": {
				"north": {"uv": [4.8125, 7.22222, 4.6125, 13.62222], "texture": "#1"},
				"east": {"uv": [4.8, 7.22222, 4.8125, 13.62222], "texture": "#1"},
				"south": {"uv": [4.6125, 7.22222, 4.8125, 13.62222], "texture": "#1"},
				"west": {"uv": [4.6125, 7.22222, 4.625, 13.62222], "texture": "#1"},
				"up": {"uv": [4.6125, 7.22222, 4.8125, 7.24444], "texture": "#1"},
				"down": {"uv": [4.6125, 13.6, 4.8125, 13.62222], "texture": "#1"}
			}
		},
		{
			"name": "kingdomback_25",
			"from": [3.5125, 8.5125, 0],
			"to": [4.6125, 11.775, 0.0125],
			"faces": {
				"north": {"uv": [4.6125, 7.51111, 3.5125, 13.31111], "texture": "#1"},
				"east": {"uv": [4.6, 7.51111, 4.6125, 13.31111], "texture": "#1"},
				"south": {"uv": [3.5125, 7.51111, 4.6125, 13.31111], "texture": "#1"},
				"west": {"uv": [3.5125, 7.51111, 3.525, 13.31111], "texture": "#1"},
				"up": {"uv": [3.5125, 7.51111, 4.6125, 7.53333], "texture": "#1"},
				"down": {"uv": [3.5125, 13.28889, 4.6125, 13.31111], "texture": "#1"}
			}
		},
		{
			"name": "kingdomback_26",
			"from": [2.25, 8.5125, 0],
			"to": [3.5125, 10.0625, 0.0125],
			"faces": {
				"north": {"uv": [3.5125, 10.55556, 2.25, 13.31111], "texture": "#1"},
				"east": {"uv": [3.5, 10.55556, 3.5125, 13.31111], "texture": "#1"},
				"south": {"uv": [2.25, 10.55556, 3.5125, 13.31111], "texture": "#1"},
				"west": {"uv": [2.25, 10.55556, 2.2625, 13.31111], "texture": "#1"},
				"up": {"uv": [2.25, 10.55556, 3.5125, 10.57778], "texture": "#1"},
				"down": {"uv": [2.25, 13.28889, 3.5125, 13.31111], "texture": "#1"}
			}
		},
		{
			"name": "kingdomback_27",
			"from": [2.0375, 8.675, 0],
			"to": [2.25, 9.6875, 0.0125],
			"faces": {
				"north": {"uv": [2.25, 11.22222, 2.0375, 13.02222], "texture": "#1"},
				"east": {"uv": [2.2375, 11.22222, 2.25, 13.02222], "texture": "#1"},
				"south": {"uv": [2.0375, 11.22222, 2.25, 13.02222], "texture": "#1"},
				"west": {"uv": [2.0375, 11.22222, 2.05, 13.02222], "texture": "#1"},
				"up": {"uv": [2.0375, 11.22222, 2.25, 11.24444], "texture": "#1"},
				"down": {"uv": [2.0375, 13, 2.25, 13.02222], "texture": "#1"}
			}
		},
		{
			"name": "kingdomback_28",
			"from": [12.025, 9.0125, 0],
			"to": [12.875, 9.3875, 0.0125],
			"faces": {
				"north": {"uv": [12.875, 11.75556, 12.025, 12.42222], "texture": "#1"},
				"east": {"uv": [12.8625, 11.75556, 12.875, 12.42222], "texture": "#1"},
				"south": {"uv": [12.025, 11.75556, 12.875, 12.42222], "texture": "#1"},
				"west": {"uv": [12.025, 11.75556, 12.0375, 12.42222], "texture": "#1"},
				"up": {"uv": [12.025, 11.75556, 12.875, 11.77778], "texture": "#1"},
				"down": {"uv": [12.025, 12.4, 12.875, 12.42222], "texture": "#1"}
			}
		},
		{
			"name": "kingdomback_29",
			"from": [1.825, 8.85, 0],
			"to": [2.0375, 9.35, 0.0125],
			"faces": {
				"north": {"uv": [2.0375, 11.82222, 1.825, 12.71111], "texture": "#1"},
				"east": {"uv": [2.025, 11.82222, 2.0375, 12.71111], "texture": "#1"},
				"south": {"uv": [1.825, 11.82222, 2.0375, 12.71111], "texture": "#1"},
				"west": {"uv": [1.825, 11.82222, 1.8375, 12.71111], "texture": "#1"},
				"up": {"uv": [1.825, 11.82222, 2.0375, 11.84444], "texture": "#1"},
				"down": {"uv": [1.825, 12.68889, 2.0375, 12.71111], "texture": "#1"}
			}
		},
		{
			"name": "kingdomback_30",
			"from": [11.2125, 8.675, 0],
			"to": [11.3875, 9.0125, 0.0125],
			"faces": {
				"north": {"uv": [11.3875, 12.42222, 11.2125, 13.02222], "texture": "#1"},
				"east": {"uv": [11.375, 12.42222, 11.3875, 13.02222], "texture": "#1"},
				"south": {"uv": [11.2125, 12.42222, 11.3875, 13.02222], "texture": "#1"},
				"west": {"uv": [11.2125, 12.42222, 11.225, 13.02222], "texture": "#1"},
				"up": {"uv": [11.2125, 12.42222, 11.3875, 12.44444], "texture": "#1"},
				"down": {"uv": [11.2125, 13, 11.3875, 13.02222], "texture": "#1"}
			}
		},
		{
			"name": "kingdomback_31",
			"from": [11.3875, 9, 0],
			"to": [11.4125, 9.0125, 0.0125],
			"faces": {
				"north": {"uv": [11.4125, 12.42222, 11.3875, 12.44444], "texture": "#1"},
				"east": {"uv": [11.4, 12.42222, 11.4125, 12.44444], "texture": "#1"},
				"south": {"uv": [11.3875, 12.42222, 11.4125, 12.44444], "texture": "#1"},
				"west": {"uv": [11.3875, 12.42222, 11.4, 12.44444], "texture": "#1"},
				"up": {"uv": [11.3875, 12.42222, 11.4125, 12.44444], "texture": "#1"},
				"down": {"uv": [11.3875, 12.42222, 11.4125, 12.44444], "texture": "#1"}
			}
		},
		{
			"name": "kingdomback_32",
			"from": [12.0375, 9, 0],
			"to": [12.875, 9.0125, 0.0125],
			"faces": {
				"north": {"uv": [12.875, 12.42222, 12.0375, 12.44444], "texture": "#1"},
				"east": {"uv": [12.8625, 12.42222, 12.875, 12.44444], "texture": "#1"},
				"south": {"uv": [12.0375, 12.42222, 12.875, 12.44444], "texture": "#1"},
				"west": {"uv": [12.0375, 12.42222, 12.05, 12.44444], "texture": "#1"},
				"up": {"uv": [12.0375, 12.42222, 12.875, 12.44444], "texture": "#1"},
				"down": {"uv": [12.0375, 12.42222, 12.875, 12.44444], "texture": "#1"}
			}
		},
		{
			"name": "kingdomback_33",
			"from": [12.0625, 8.85, 0],
			"to": [12.875, 9, 0.0125],
			"faces": {
				"north": {"uv": [12.875, 12.44444, 12.0625, 12.71111], "texture": "#1"},
				"east": {"uv": [12.8625, 12.44444, 12.875, 12.71111], "texture": "#1"},
				"south": {"uv": [12.0625, 12.44444, 12.875, 12.71111], "texture": "#1"},
				"west": {"uv": [12.0625, 12.44444, 12.075, 12.71111], "texture": "#1"},
				"up": {"uv": [12.0625, 12.44444, 12.875, 12.46667], "texture": "#1"},
				"down": {"uv": [12.0625, 12.68889, 12.875, 12.71111], "texture": "#1"}
			}
		},
		{
			"name": "kingdomback_34",
			"from": [7.375, 8.675, 0],
			"to": [7.55, 8.85, 0.0125],
			"faces": {
				"north": {"uv": [7.55, 12.71111, 7.375, 13.02222], "texture": "#1"},
				"east": {"uv": [7.5375, 12.71111, 7.55, 13.02222], "texture": "#1"},
				"south": {"uv": [7.375, 12.71111, 7.55, 13.02222], "texture": "#1"},
				"west": {"uv": [7.375, 12.71111, 7.3875, 13.02222], "texture": "#1"},
				"up": {"uv": [7.375, 12.71111, 7.55, 12.73333], "texture": "#1"},
				"down": {"uv": [7.375, 13, 7.55, 13.02222], "texture": "#1"}
			}
		},
		{
			"name": "kingdomback_35",
			"from": [8.875, 8.675, 0],
			"to": [9.2625, 8.85, 0.0125],
			"faces": {
				"north": {"uv": [9.2625, 12.71111, 8.875, 13.02222], "texture": "#1"},
				"east": {"uv": [9.25, 12.71111, 9.2625, 13.02222], "texture": "#1"},
				"south": {"uv": [8.875, 12.71111, 9.2625, 13.02222], "texture": "#1"},
				"west": {"uv": [8.875, 12.71111, 8.8875, 13.02222], "texture": "#1"},
				"up": {"uv": [8.875, 12.71111, 9.2625, 12.73333], "texture": "#1"},
				"down": {"uv": [8.875, 13, 9.2625, 13.02222], "texture": "#1"}
			}
		},
		{
			"name": "kingdomback_36",
			"from": [9.9125, 8.675, 0],
			"to": [10.125, 8.85, 0.0125],
			"faces": {
				"north": {"uv": [10.125, 12.71111, 9.9125, 13.02222], "texture": "#1"},
				"east": {"uv": [10.1125, 12.71111, 10.125, 13.02222], "texture": "#1"},
				"south": {"uv": [9.9125, 12.71111, 10.125, 13.02222], "texture": "#1"},
				"west": {"uv": [9.9125, 12.71111, 9.925, 13.02222], "texture": "#1"},
				"up": {"uv": [9.9125, 12.71111, 10.125, 12.73333], "texture": "#1"},
				"down": {"uv": [9.9125, 13, 10.125, 13.02222], "texture": "#1"}
			}
		},
		{
			"name": "kingdomback_37",
			"from": [10.125, 8.8375, 0],
			"to": [10.1375, 8.85, 0.0125],
			"faces": {
				"north": {"uv": [10.1375, 12.71111, 10.125, 12.73333], "texture": "#1"},
				"east": {"uv": [10.125, 12.71111, 10.1375, 12.73333], "texture": "#1"},
				"south": {"uv": [10.125, 12.71111, 10.1375, 12.73333], "texture": "#1"},
				"west": {"uv": [10.125, 12.71111, 10.1375, 12.73333], "texture": "#1"},
				"up": {"uv": [10.125, 12.71111, 10.1375, 12.73333], "texture": "#1"},
				"down": {"uv": [10.125, 12.71111, 10.1375, 12.73333], "texture": "#1"}
			}
		},
		{
			"name": "kingdomback_38",
			"from": [10.3625, 8.675, 0],
			"to": [10.55, 8.85, 0.0125],
			"faces": {
				"north": {"uv": [10.55, 12.71111, 10.3625, 13.02222], "texture": "#1"},
				"east": {"uv": [10.5375, 12.71111, 10.55, 13.02222], "texture": "#1"},
				"south": {"uv": [10.3625, 12.71111, 10.55, 13.02222], "texture": "#1"},
				"west": {"uv": [10.3625, 12.71111, 10.375, 13.02222], "texture": "#1"},
				"up": {"uv": [10.3625, 12.71111, 10.55, 12.73333], "texture": "#1"},
				"down": {"uv": [10.3625, 13, 10.55, 13.02222], "texture": "#1"}
			}
		},
		{
			"name": "kingdomback_39",
			"from": [12.275, 8.675, 0],
			"to": [12.875, 8.85, 0.0125],
			"faces": {
				"north": {"uv": [12.875, 12.71111, 12.275, 13.02222], "texture": "#1"},
				"east": {"uv": [12.8625, 12.71111, 12.875, 13.02222], "texture": "#1"},
				"south": {"uv": [12.275, 12.71111, 12.875, 13.02222], "texture": "#1"},
				"west": {"uv": [12.275, 12.71111, 12.2875, 13.02222], "texture": "#1"},
				"up": {"uv": [12.275, 12.71111, 12.875, 12.73333], "texture": "#1"},
				"down": {"uv": [12.275, 13, 12.875, 13.02222], "texture": "#1"}
			}
		},
		{
			"name": "kingdomback_40",
			"from": [5.2375, 8.3375, 0],
			"to": [5.85, 8.675, 0.0125],
			"faces": {
				"north": {"uv": [5.85, 13.02222, 5.2375, 13.62222], "texture": "#1"},
				"east": {"uv": [5.8375, 13.02222, 5.85, 13.62222], "texture": "#1"},
				"south": {"uv": [5.2375, 13.02222, 5.85, 13.62222], "texture": "#1"},
				"west": {"uv": [5.2375, 13.02222, 5.25, 13.62222], "texture": "#1"},
				"up": {"uv": [5.2375, 13.02222, 5.85, 13.04444], "texture": "#1"},
				"down": {"uv": [5.2375, 13.6, 5.85, 13.62222], "texture": "#1"}
			}
		},
		{
			"name": "kingdomback_41",
			"from": [5.85, 8.5125, 0],
			"to": [6.0625, 8.675, 0.0125],
			"faces": {
				"north": {"uv": [6.0625, 13.02222, 5.85, 13.31111], "texture": "#1"},
				"east": {"uv": [6.05, 13.02222, 6.0625, 13.31111], "texture": "#1"},
				"south": {"uv": [5.85, 13.02222, 6.0625, 13.31111], "texture": "#1"},
				"west": {"uv": [5.85, 13.02222, 5.8625, 13.31111], "texture": "#1"},
				"up": {"uv": [5.85, 13.02222, 6.0625, 13.04444], "texture": "#1"},
				"down": {"uv": [5.85, 13.28889, 6.0625, 13.31111], "texture": "#1"}
			}
		},
		{
			"name": "kingdomback_42",
			"from": [6.725, 8.6625, 0],
			"to": [7.125, 8.675, 0.0125],
			"faces": {
				"north": {"uv": [7.125, 13.02222, 6.725, 13.04444], "texture": "#1"},
				"east": {"uv": [7.1125, 13.02222, 7.125, 13.04444], "texture": "#1"},
				"south": {"uv": [6.725, 13.02222, 7.125, 13.04444], "texture": "#1"},
				"west": {"uv": [6.725, 13.02222, 6.7375, 13.04444], "texture": "#1"},
				"up": {"uv": [6.725, 13.02222, 7.125, 13.04444], "texture": "#1"},
				"down": {"uv": [6.725, 13.02222, 7.125, 13.04444], "texture": "#1"}
			}
		},
		{
			"name": "kingdomback_43",
			"from": [6.7375, 8.5125, 0],
			"to": [7.125, 8.6625, 0.0125],
			"faces": {
				"north": {"uv": [7.125, 13.04444, 6.7375, 13.31111], "texture": "#1"},
				"east": {"uv": [7.1125, 13.04444, 7.125, 13.31111], "texture": "#1"},
				"south": {"uv": [6.7375, 13.04444, 7.125, 13.31111], "texture": "#1"},
				"west": {"uv": [6.7375, 13.04444, 6.75, 13.31111], "texture": "#1"},
				"up": {"uv": [6.7375, 13.04444, 7.125, 13.06667], "texture": "#1"},
				"down": {"uv": [6.7375, 13.28889, 7.125, 13.31111], "texture": "#1"}
			}
		},
		{
			"name": "kingdomback_44",
			"from": [4.1875, 8.3375, 0],
			"to": [4.6125, 8.5125, 0.0125],
			"faces": {
				"north": {"uv": [4.6125, 13.31111, 4.1875, 13.62222], "texture": "#1"},
				"east": {"uv": [4.6, 13.31111, 4.6125, 13.62222], "texture": "#1"},
				"south": {"uv": [4.1875, 13.31111, 4.6125, 13.62222], "texture": "#1"},
				"west": {"uv": [4.1875, 13.31111, 4.2, 13.62222], "texture": "#1"},
				"up": {"uv": [4.1875, 13.31111, 4.6125, 13.33333], "texture": "#1"},
				"down": {"uv": [4.1875, 13.6, 4.6125, 13.62222], "texture": "#1"}
			}
		}
	],
	"display": {
		"gui": {
			"translation": [0, -5.5, 0],
			"scale": [1.46, 1.71, 1]
		},
		"head": {
			"translation": [0, 0, 7.75],
			"scale": [3.43, 4, 1]
		}
	},
	"groups": [
		{
			"name": "kingdom",
			"origin": [8, 8, 8],
			"color": 0,
			"children": [0, 1, 2, 3, 4, 5, 6, 7, 8, 9, 10, 11, 12, 13, 14, 15, 16, 17, 18, 19, 20, 21, 22, 23, 24, 25, 26, 27, 28, 29, 30, 31, 32, 33, 34, 35, 36, 37, 38, 39, 40, 41, 42, 43, 44]
		},
		{
			"name": "kingdomback",
			"origin": [8, 8, 8],
			"color": 0,
			"children": [45, 46, 47, 48, 49, 50, 51, 52, 53, 54, 55, 56, 57, 58, 59, 60, 61, 62, 63, 64, 65, 66, 67, 68, 69, 70, 71, 72, 73, 74, 75, 76, 77, 78, 79, 80, 81, 82, 83, 84, 85, 86, 87, 88, 89]
		}
	]
}