{
	"credit": "Made with Blockbench",
	"textures": {
		"2": "block/sandstone_bottom",
		"4": "block/andesite",
		"particle": "block/sandstone_bottom"
	},
	"elements": [
		{
			"from": [1, 0, 1],
			"to": [15, 3, 15],
			"faces": {
				"north": {"uv": [0, 11, 16, 16], "texture": "#2"},
				"east": {"uv": [0, 11, 16, 16], "texture": "#2"},
				"south": {"uv": [0, 11, 16, 16], "texture": "#2"},
				"west": {"uv": [0, 11, 16, 16], "texture": "#2"},
				"up": {"uv": [0, 11, 16, 16], "texture": "#2"},
				"down": {"uv": [0, 11, 16, 16], "texture": "#2"}
			}
		},
		{
			"from": [1, 6, 1],
			"to": [15, 7, 15],
			"faces": {
				"north": {"uv": [0, 13, 16, 16], "texture": "#2"},
				"east": {"uv": [0, 13, 16, 16], "texture": "#2"},
				"south": {"uv": [0, 13, 16, 16], "texture": "#2"},
				"west": {"uv": [0, 13, 16, 16], "texture": "#2"},
				"up": {"uv": [0, 13, 16, 16], "texture": "#2"},
				"down": {"uv": [0, 13, 16, 16], "texture": "#2"}
			}
		},
		{
			"from": [1.25, 6.25, 1.25],
			"to": [14.75, 7.25, 14.75],
			"faces": {
				"north": {"uv": [0, 14, 16, 16], "texture": "#2"},
				"east": {"uv": [0, 14, 16, 16], "texture": "#2"},
				"south": {"uv": [0, 14, 16, 16], "texture": "#2"},
				"west": {"uv": [0, 14, 16, 16], "texture": "#2"},
				"up": {"uv": [0, 0, 16, 16], "texture": "#2"},
				"down": {"uv": [0, 14, 16, 16], "texture": "#2"}
			}
		},
		{
			"from": [1.5, 6.5, 1.5],
			"to": [14.5, 7.5, 14.5],
			"faces": {
				"north": {"uv": [0, 14, 16, 16], "texture": "#2"},
				"east": {"uv": [0, 14, 16, 16], "texture": "#2"},
				"south": {"uv": [0, 14, 16, 16], "texture": "#2"},
				"west": {"uv": [0, 14, 16, 16], "texture": "#2"},
				"up": {"uv": [0, 0, 16, 16], "texture": "#2"},
				"down": {"uv": [0, 14, 16, 16], "texture": "#2"}
			}
		},
		{
			"from": [1.75, 6.75, 1.75],
			"to": [14.25, 7.75, 14.25],
			"faces": {
				"north": {"uv": [0, 14, 16, 16], "texture": "#2"},
				"east": {"uv": [0, 14, 16, 16], "texture": "#2"},
				"south": {"uv": [0, 14, 16, 16], "texture": "#2"},
				"west": {"uv": [0, 14, 16, 16], "texture": "#2"},
				"up": {"uv": [0, 0, 16, 16], "texture": "#2"},
				"down": {"uv": [0, 14, 16, 16], "texture": "#2"}
			}
		},
		{
			"from": [2, 7, 2],
			"to": [14, 8, 14],
			"faces": {
				"north": {"uv": [0, 14, 16, 16], "texture": "#2"},
				"east": {"uv": [0, 14, 16, 16], "texture": "#2"},
				"south": {"uv": [0, 14, 16, 16], "texture": "#2"},
				"west": {"uv": [0, 14, 16, 16], "texture": "#2"},
				"up": {"uv": [0, 0, 16, 16], "texture": "#2"},
				"down": {"uv": [0, 14, 16, 16], "texture": "#2"}
			}
		},
		{
			"from": [2.25, 7.25, 2.25],
			"to": [13.75, 8.25, 13.75],
			"faces": {
				"north": {"uv": [0, 14, 16, 16], "texture": "#2"},
				"east": {"uv": [0, 14, 16, 16], "texture": "#2"},
				"south": {"uv": [0, 14, 16, 16], "texture": "#2"},
				"west": {"uv": [0, 14, 16, 16], "texture": "#2"},
				"up": {"uv": [0, 0, 16, 16], "texture": "#2"},
				"down": {"uv": [0, 14, 16, 16], "texture": "#2"}
			}
		},
		{
			"from": [2.5, 7.5, 2.5],
			"to": [13.5, 8.5, 13.5],
			"faces": {
				"north": {"uv": [0, 14, 16, 16], "texture": "#2"},
				"east": {"uv": [0, 14, 16, 16], "texture": "#2"},
				"south": {"uv": [0, 14, 16, 16], "texture": "#2"},
				"west": {"uv": [0, 14, 16, 16], "texture": "#2"},
				"up": {"uv": [0, 0, 16, 16], "texture": "#2"},
				"down": {"uv": [0, 14, 16, 16], "texture": "#2"}
			}
		},
		{
			"from": [2.75, 7.75, 2.75],
			"to": [13.25, 8.75, 13.25],
			"faces": {
				"north": {"uv": [0, 14, 16, 16], "texture": "#2"},
				"east": {"uv": [0, 14, 16, 16], "texture": "#2"},
				"south": {"uv": [0, 14, 16, 16], "texture": "#2"},
				"west": {"uv": [0, 14, 16, 16], "texture": "#2"},
				"up": {"uv": [0, 0, 16, 16], "texture": "#2"},
				"down": {"uv": [0, 14, 16, 16], "texture": "#2"}
			}
		},
		{
			"from": [3, 8, 3],
			"to": [13, 9, 13],
			"faces": {
				"north": {"uv": [0, 14, 16, 16], "texture": "#2"},
				"east": {"uv": [0, 14, 16, 16], "texture": "#2"},
				"south": {"uv": [0, 14, 16, 16], "texture": "#2"},
				"west": {"uv": [0, 14, 16, 16], "texture": "#2"},
				"up": {"uv": [0, 0, 16, 16], "texture": "#2"},
				"down": {"uv": [0, 14, 16, 16], "texture": "#2"}
			}
		},
		{
			"from": [3.25, 8.25, 3.25],
			"to": [12.75, 9.25, 12.75],
			"faces": {
				"north": {"uv": [0, 14, 16, 16], "texture": "#2"},
				"east": {"uv": [0, 14, 16, 16], "texture": "#2"},
				"south": {"uv": [0, 14, 16, 16], "texture": "#2"},
				"west": {"uv": [0, 14, 16, 16], "texture": "#2"},
				"up": {"uv": [0, 0, 16, 16], "texture": "#2"},
				"down": {"uv": [0, 14, 16, 16], "texture": "#2"}
			}
		},
		{
			"from": [3.5, 8.5, 3.5],
			"to": [12.5, 9.5, 12.5],
			"faces": {
				"north": {"uv": [0, 14, 16, 16], "texture": "#2"},
				"east": {"uv": [0, 14, 16, 16], "texture": "#2"},
				"south": {"uv": [0, 14, 16, 16], "texture": "#2"},
				"west": {"uv": [0, 14, 16, 16], "texture": "#2"},
				"up": {"uv": [0, 0, 16, 16], "texture": "#2"},
				"down": {"uv": [0, 14, 16, 16], "texture": "#2"}
			}
		},
		{
			"from": [3.75, 8.75, 3.75],
			"to": [12.25, 9.75, 12.25],
			"faces": {
				"north": {"uv": [0, 14, 16, 16], "texture": "#2"},
				"east": {"uv": [0, 14, 16, 16], "texture": "#2"},
				"south": {"uv": [0, 14, 16, 16], "texture": "#2"},
				"west": {"uv": [0, 14, 16, 16], "texture": "#2"},
				"up": {"uv": [0, 0, 16, 16], "texture": "#2"},
				"down": {"uv": [0, 14, 16, 16], "texture": "#2"}
			}
		},
		{
			"from": [4, 9, 4],
			"to": [12, 10, 12],
			"faces": {
				"north": {"uv": [0, 14, 16, 16], "texture": "#2"},
				"east": {"uv": [0, 14, 16, 16], "texture": "#2"},
				"south": {"uv": [0, 14, 16, 16], "texture": "#2"},
				"west": {"uv": [0, 14, 16, 16], "texture": "#2"},
				"up": {"uv": [0, 0, 16, 16], "texture": "#2"},
				"down": {"uv": [0, 14, 16, 16], "texture": "#2"}
			}
		},
		{
			"from": [4.25, 9.25, 4.25],
			"to": [11.75, 10.25, 11.75],
			"faces": {
				"north": {"uv": [0, 14, 16, 16], "texture": "#2"},
				"east": {"uv": [0, 14, 16, 16], "texture": "#2"},
				"south": {"uv": [0, 14, 16, 16], "texture": "#2"},
				"west": {"uv": [0, 14, 16, 16], "texture": "#2"},
				"up": {"uv": [0, 0, 16, 16], "texture": "#2"},
				"down": {"uv": [0, 14, 16, 16], "texture": "#2"}
			}
		},
		{
			"from": [4.5, 9.5, 4.5],
			"to": [11.5, 10.5, 11.5],
			"faces": {
				"north": {"uv": [0, 14, 16, 16], "texture": "#2"},
				"east": {"uv": [0, 14, 16, 16], "texture": "#2"},
				"south": {"uv": [0, 14, 16, 16], "texture": "#2"},
				"west": {"uv": [0, 14, 16, 16], "texture": "#2"},
				"up": {"uv": [0, 0, 16, 16], "texture": "#2"},
				"down": {"uv": [0, 14, 16, 16], "texture": "#2"}
			}
		},
		{
			"from": [4.75, 9.75, 4.75],
			"to": [11.25, 10.75, 11.25],
			"faces": {
				"north": {"uv": [0, 14, 16, 16], "texture": "#2"},
				"east": {"uv": [0, 14, 16, 16], "texture": "#2"},
				"south": {"uv": [0, 14, 16, 16], "texture": "#2"},
				"west": {"uv": [0, 14, 16, 16], "texture": "#2"},
				"up": {"uv": [0, 0, 16, 16], "texture": "#2"},
				"down": {"uv": [0, 14, 16, 16], "texture": "#2"}
			}
		},
		{
			"from": [5, 10, 5],
			"to": [11, 11, 11],
			"faces": {
				"north": {"uv": [0, 14, 16, 16], "texture": "#2"},
				"east": {"uv": [0, 14, 16, 16], "texture": "#2"},
				"south": {"uv": [0, 14, 16, 16], "texture": "#2"},
				"west": {"uv": [0, 14, 16, 16], "texture": "#2"},
				"up": {"uv": [0, 0, 16, 16], "texture": "#2"},
				"down": {"uv": [0, 14, 16, 16], "texture": "#2"}
			}
		},
		{
			"from": [5.25, 10.25, 5.25],
			"to": [10.75, 11.25, 10.75],
			"faces": {
				"north": {"uv": [0, 14, 16, 16], "texture": "#2"},
				"east": {"uv": [0, 14, 16, 16], "texture": "#2"},
				"south": {"uv": [0, 14, 16, 16], "texture": "#2"},
				"west": {"uv": [0, 14, 16, 16], "texture": "#2"},
				"up": {"uv": [0, 0, 16, 16], "texture": "#2"},
				"down": {"uv": [0, 14, 16, 16], "texture": "#2"}
			}
		},
		{
			"from": [5.5, 10.5, 5.5],
			"to": [10.5, 11.5, 10.5],
			"faces": {
				"north": {"uv": [0, 14, 16, 16], "texture": "#2"},
				"east": {"uv": [0, 14, 16, 16], "texture": "#2"},
				"south": {"uv": [0, 14, 16, 16], "texture": "#2"},
				"west": {"uv": [0, 14, 16, 16], "texture": "#2"},
				"up": {"uv": [0, 0, 16, 16], "texture": "#2"},
				"down": {"uv": [0, 14, 16, 16], "texture": "#2"}
			}
		},
		{
			"from": [5.75, 10.75, 5.75],
			"to": [10.25, 11.75, 10.25],
			"faces": {
				"north": {"uv": [0, 14, 16, 16], "texture": "#2"},
				"east": {"uv": [0, 14, 16, 16], "texture": "#2"},
				"south": {"uv": [0, 14, 16, 16], "texture": "#2"},
				"west": {"uv": [0, 14, 16, 16], "texture": "#2"},
				"up": {"uv": [0, 0, 16, 16], "texture": "#2"},
				"down": {"uv": [0, 14, 16, 16], "texture": "#2"}
			}
		},
		{
			"from": [6, 11, 6],
			"to": [10, 12, 10],
			"faces": {
				"north": {"uv": [0, 14, 16, 16], "texture": "#2"},
				"east": {"uv": [0, 14, 16, 16], "texture": "#2"},
				"south": {"uv": [0, 14, 16, 16], "texture": "#2"},
				"west": {"uv": [0, 14, 16, 16], "texture": "#2"},
				"up": {"uv": [0, 0, 16, 16], "texture": "#2"},
				"down": {"uv": [0, 14, 16, 16], "texture": "#2"}
			}
		},
		{
			"from": [6.25, 11.25, 6.25],
			"to": [9.75, 12.25, 9.75],
			"faces": {
				"north": {"uv": [0, 14, 16, 16], "texture": "#2"},
				"east": {"uv": [0, 14, 16, 16], "texture": "#2"},
				"south": {"uv": [0, 14, 16, 16], "texture": "#2"},
				"west": {"uv": [0, 14, 16, 16], "texture": "#2"},
				"up": {"uv": [0, 0, 16, 16], "texture": "#2"},
				"down": {"uv": [0, 14, 16, 16], "texture": "#2"}
			}
		},
		{
			"from": [6.5, 11.5, 6.5],
			"to": [9.5, 12.5, 9.5],
			"faces": {
				"north": {"uv": [0, 14, 16, 16], "texture": "#2"},
				"east": {"uv": [0, 14, 16, 16], "texture": "#2"},
				"south": {"uv": [0, 14, 16, 16], "texture": "#2"},
				"west": {"uv": [0, 14, 16, 16], "texture": "#2"},
				"up": {"uv": [0, 0, 16, 16], "texture": "#2"},
				"down": {"uv": [0, 14, 16, 16], "texture": "#2"}
			}
		},
		{
			"from": [6.75, 11.75, 6.75],
			"to": [9.25, 12.75, 9.25],
			"faces": {
				"north": {"uv": [0, 14, 16, 16], "texture": "#2"},
				"east": {"uv": [0, 14, 16, 16], "texture": "#2"},
				"south": {"uv": [0, 14, 16, 16], "texture": "#2"},
				"west": {"uv": [0, 14, 16, 16], "texture": "#2"},
				"up": {"uv": [0, 0, 16, 16], "texture": "#2"},
				"down": {"uv": [0, 14, 16, 16], "texture": "#2"}
			}
		},
		{
			"from": [7, 12, 7],
			"to": [9, 13, 9],
			"faces": {
				"north": {"uv": [0, 14, 16, 16], "texture": "#2"},
				"east": {"uv": [0, 14, 16, 16], "texture": "#2"},
				"south": {"uv": [0, 14, 16, 16], "texture": "#2"},
				"west": {"uv": [0, 14, 16, 16], "texture": "#2"},
				"up": {"uv": [0, 0, 16, 16], "texture": "#2"},
				"down": {"uv": [0, 14, 16, 16], "texture": "#2"}
			}
		},
		{
			"from": [7.25, 12.25, 7.25],
			"to": [8.75, 13.25, 8.75],
			"faces": {
				"north": {"uv": [0, 14, 16, 16], "texture": "#2"},
				"east": {"uv": [0, 14, 16, 16], "texture": "#2"},
				"south": {"uv": [0, 14, 16, 16], "texture": "#2"},
				"west": {"uv": [0, 14, 16, 16], "texture": "#2"},
				"up": {"uv": [0, 0, 16, 16], "texture": "#2"},
				"down": {"uv": [0, 14, 16, 16], "texture": "#2"}
			}
		},
		{
			"from": [7.5, 12.5, 7.5],
			"to": [8.5, 13.5, 8.5],
			"faces": {
				"north": {"uv": [0, 14, 16, 16], "texture": "#2"},
				"east": {"uv": [0, 14, 16, 16], "texture": "#2"},
				"south": {"uv": [0, 14, 16, 16], "texture": "#2"},
				"west": {"uv": [0, 14, 16, 16], "texture": "#2"},
				"up": {"uv": [0, 0, 16, 16], "texture": "#2"},
				"down": {"uv": [0, 14, 16, 16], "texture": "#2"}
			}
		},
		{
			"from": [1.5, 3, 1.75],
			"to": [14.5, 6, 14.25],
			"faces": {
				"north": {"uv": [0, 10, 16, 16], "texture": "#4"},
				"east": {"uv": [0, 10, 16, 16], "texture": "#4"},
				"south": {"uv": [0, 10, 16, 16], "texture": "#4"},
				"west": {"uv": [0, 10, 16, 16], "texture": "#4"},
				"up": {"uv": [0, 10, 16, 16], "texture": "#4"},
				"down": {"uv": [0, 10, 16, 16], "texture": "#4"}
			}
		}
	],
	"display": {
		"gui": {
			"translation": [0, -3.5, 0],
			"scale": [1, 0.52, 1]
		},
		"head": {
			"scale": [2, 2.5, 2]
		}
	}
}