{
	"credit": "Made with Blockbench",
	"textures": {
		"0": "block/green_terracotta",
		"1": "block/red_terracotta",
		"2": "block/sandstone_bottom",
		"3": "greenwood:model/egypt",
		"particle": "block/green_terracotta"
	},
	"elements": [
		{
			"from": [1, 0, 1],
			"to": [15, 32, 15],
			"faces": {
				"north": {"uv": [0, 0, 16, 16], "texture": "#2"},
				"east": {"uv": [0, 0, 16, 16], "texture": "#2"},
				"south": {"uv": [0, 0, 16, 16], "texture": "#2"},
				"west": {"uv": [0, 0, 16, 16], "texture": "#2"},
				"up": {"uv": [0, 0, 16, 16], "texture": "#2"},
				"down": {"uv": [0, 0, 16, 16], "texture": "#2"}
			}
		},
		{
			"from": [12, 5, 0],
			"to": [14, 28, 2],
			"faces": {
				"north": {"uv": [0, 0, 16, 16], "texture": "#0"},
				"east": {"uv": [0, 0, 16, 16], "texture": "#0"},
				"south": {"uv": [0, 0, 16, 16], "texture": "#0"},
				"west": {"uv": [0, 0, 16, 16], "texture": "#0"},
				"up": {"uv": [0, 0, 16, 16], "texture": "#0"},
				"down": {"uv": [0, 0, 16, 16], "texture": "#0"}
			}
		},
		{
			"from": [5, 2, 0],
			"to": [11, 4, 2],
			"faces": {
				"north": {"uv": [0, 0, 16, 3], "texture": "#0"},
				"east": {"uv": [0, 0, 16, 3], "texture": "#0"},
				"south": {"uv": [0, 0, 16, 3], "texture": "#0"},
				"west": {"uv": [0, 0, 16, 3], "texture": "#0"},
				"up": {"uv": [0, 0, 16, 3], "texture": "#0"},
				"down": {"uv": [0, 0, 16, 3], "texture": "#0"}
			}
		},
		{
			"from": [3, 1, 0],
			"to": [13, 2, 2],
			"faces": {
				"north": {"uv": [0, 0, 16, 2], "texture": "#0"},
				"east": {"uv": [0, 0, 16, 2], "texture": "#0"},
				"south": {"uv": [0, 0, 16, 2], "texture": "#0"},
				"west": {"uv": [0, 0, 16, 2], "texture": "#0"},
				"up": {"uv": [0, 0, 16, 2], "texture": "#0"},
				"down": {"uv": [0, 0, 16, 2], "texture": "#0"}
			}
		},
		{
			"from": [2, 0, 0],
			"to": [14, 1, 2],
			"faces": {
				"north": {"uv": [0, 0, 16, 2], "texture": "#0"},
				"east": {"uv": [0, 0, 16, 2], "texture": "#0"},
				"south": {"uv": [0, 0, 16, 2], "texture": "#0"},
				"west": {"uv": [0, 0, 16, 2], "texture": "#0"},
				"up": {"uv": [0, 0, 16, 2], "texture": "#0"},
				"down": {"uv": [0, 0, 16, 2], "texture": "#0"}
			}
		},
		{
			"from": [3, 27, 0],
			"to": [5, 29, 2],
			"rotation": {"angle": 0, "axis": "z", "origin": [8, -14, 1]},
			"faces": {
				"north": {"uv": [0, 2, 16, 5], "texture": "#0"},
				"east": {"uv": [0, 2, 16, 5], "texture": "#0"},
				"south": {"uv": [0, 2, 16, 5], "texture": "#0"},
				"west": {"uv": [0, 2, 16, 5], "texture": "#0"},
				"up": {"uv": [0, 2, 16, 5], "texture": "#0"},
				"down": {"uv": [0, 2, 16, 5], "texture": "#0"}
			}
		},
		{
			"from": [11, 27, 0],
			"to": [13, 29, 2],
			"rotation": {"angle": 0, "axis": "z", "origin": [8, -14, 1]},
			"faces": {
				"north": {"uv": [0, 2, 16, 5], "texture": "#0"},
				"east": {"uv": [0, 2, 16, 5], "texture": "#0"},
				"south": {"uv": [0, 2, 16, 5], "texture": "#0"},
				"west": {"uv": [0, 2, 16, 5], "texture": "#0"},
				"up": {"uv": [0, 2, 16, 5], "texture": "#0"},
				"down": {"uv": [0, 2, 16, 5], "texture": "#0"}
			}
		},
		{
			"from": [10, 28, 0],
			"to": [12, 30, 2],
			"rotation": {"angle": 0, "axis": "z", "origin": [8, -14, 1]},
			"faces": {
				"north": {"uv": [0, 2, 16, 5], "texture": "#0"},
				"east": {"uv": [0, 2, 16, 5], "texture": "#0"},
				"south": {"uv": [0, 2, 16, 5], "texture": "#0"},
				"west": {"uv": [0, 2, 16, 5], "texture": "#0"},
				"up": {"uv": [0, 2, 16, 5], "texture": "#0"},
				"down": {"uv": [0, 2, 16, 5], "texture": "#0"}
			}
		},
		{
			"from": [4, 28, 0],
			"to": [6, 30, 2],
			"rotation": {"angle": 0, "axis": "z", "origin": [8, -14, 1]},
			"faces": {
				"north": {"uv": [0, 2, 16, 5], "texture": "#0"},
				"east": {"uv": [0, 2, 16, 5], "texture": "#0"},
				"south": {"uv": [0, 2, 16, 5], "texture": "#0"},
				"west": {"uv": [0, 2, 16, 5], "texture": "#0"},
				"up": {"uv": [0, 2, 16, 5], "texture": "#0"},
				"down": {"uv": [0, 2, 16, 5], "texture": "#0"}
			}
		},
		{
			"from": [5, 29, 0],
			"to": [11, 31, 2],
			"rotation": {"angle": 0, "axis": "z", "origin": [8, -14, 1]},
			"faces": {
				"north": {"uv": [0, 2, 16, 5], "texture": "#0"},
				"east": {"uv": [0, 2, 16, 5], "texture": "#0"},
				"south": {"uv": [0, 2, 16, 5], "texture": "#0"},
				"west": {"uv": [0, 2, 16, 5], "texture": "#0"},
				"up": {"uv": [0, 2, 16, 5], "texture": "#0"},
				"down": {"uv": [0, 2, 16, 5], "texture": "#0"}
			}
		},
		{
			"from": [4, 3, 0],
			"to": [6, 5, 2],
			"faces": {
				"north": {"uv": [0, 0, 16, 3], "texture": "#0"},
				"east": {"uv": [0, 0, 16, 3], "texture": "#0"},
				"south": {"uv": [0, 0, 16, 3], "texture": "#0"},
				"west": {"uv": [0, 0, 16, 3], "texture": "#0"},
				"up": {"uv": [0, 0, 16, 3], "texture": "#0"},
				"down": {"uv": [0, 0, 16, 3], "texture": "#0"}
			}
		},
		{
			"from": [10, 3, 0],
			"to": [12, 5, 2],
			"faces": {
				"north": {"uv": [0, 0, 16, 3], "texture": "#0"},
				"east": {"uv": [0, 0, 16, 3], "texture": "#0"},
				"south": {"uv": [0, 0, 16, 3], "texture": "#0"},
				"west": {"uv": [0, 0, 16, 3], "texture": "#0"},
				"up": {"uv": [0, 0, 16, 3], "texture": "#0"},
				"down": {"uv": [0, 0, 16, 3], "texture": "#0"}
			}
		},
		{
			"from": [10, 3, 0],
			"to": [12, 5, 2],
			"faces": {
				"north": {"uv": [0, 0, 16, 3], "texture": "#0"},
				"east": {"uv": [0, 0, 16, 3], "texture": "#0"},
				"south": {"uv": [0, 0, 16, 3], "texture": "#0"},
				"west": {"uv": [0, 0, 16, 3], "texture": "#0"},
				"up": {"uv": [0, 0, 16, 3], "texture": "#0"},
				"down": {"uv": [0, 0, 16, 3], "texture": "#0"}
			}
		},
		{
			"from": [11, 4, 0],
			"to": [13, 6, 2],
			"faces": {
				"north": {"uv": [0, 0, 16, 3], "texture": "#0"},
				"east": {"uv": [0, 0, 16, 3], "texture": "#0"},
				"south": {"uv": [0, 0, 16, 3], "texture": "#0"},
				"west": {"uv": [0, 0, 16, 3], "texture": "#0"},
				"up": {"uv": [0, 0, 16, 3], "texture": "#0"},
				"down": {"uv": [0, 0, 16, 3], "texture": "#0"}
			}
		},
		{
			"from": [3, 4, 0],
			"to": [5, 6, 2],
			"faces": {
				"north": {"uv": [0, 0, 16, 3], "texture": "#0"},
				"east": {"uv": [0, 0, 16, 3], "texture": "#0"},
				"south": {"uv": [0, 0, 16, 3], "texture": "#0"},
				"west": {"uv": [0, 0, 16, 3], "texture": "#0"},
				"up": {"uv": [0, 0, 16, 3], "texture": "#0"},
				"down": {"uv": [0, 0, 16, 3], "texture": "#0"}
			}
		},
		{
			"from": [2, 5, 0],
			"to": [4, 28, 2],
			"faces": {
				"north": {"uv": [0, 0, 16, 16], "texture": "#0"},
				"east": {"uv": [0, 0, 16, 16], "texture": "#0"},
				"south": {"uv": [0, 0, 16, 16], "texture": "#0"},
				"west": {"uv": [0, 0, 16, 16], "texture": "#0"},
				"up": {"uv": [0, 0, 16, 16], "texture": "#0"},
				"down": {"uv": [0, 0, 16, 16], "texture": "#0"}
			}
		},
		{
			"from": [4, 4, 0.5],
			"to": [12, 29, 2.5],
			"faces": {
				"north": {"uv": [0, 0, 8, 16], "texture": "#1"},
				"east": {"uv": [0, 0, 8, 16], "texture": "#1"},
				"south": {"uv": [0, 0, 8, 16], "texture": "#1"},
				"west": {"uv": [0, 0, 8, 16], "texture": "#1"},
				"up": {"uv": [0, 0, 8, 16], "texture": "#1"},
				"down": {"uv": [0, 0, 8, 16], "texture": "#1"}
			}
		},
		{
			"from": [4, 4, 0.3],
			"to": [12, 29, 2.3],
			"faces": {
				"north": {"uv": [0, 0, 16, 16], "texture": "#3"},
				"east": {"uv": [0, 0, 8, 16], "texture": "#1"},
				"south": {"uv": [0, 0, 8, 16], "texture": "#1"},
				"west": {"uv": [0, 0, 8, 16], "texture": "#1"},
				"up": {"uv": [0, 0, 8, 16], "texture": "#1"},
				"down": {"uv": [0, 0, 8, 16], "texture": "#1"}
			}
		},
		{
			"from": [0, 5, 2],
			"to": [2, 28, 4],
			"faces": {
				"north": {"uv": [0, 0, 16, 16], "texture": "#0"},
				"east": {"uv": [0, 0, 16, 16], "texture": "#0"},
				"south": {"uv": [0, 0, 16, 16], "texture": "#0"},
				"west": {"uv": [0, 0, 16, 16], "texture": "#0"},
				"up": {"uv": [0, 0, 16, 16], "rotation": 270, "texture": "#0"},
				"down": {"uv": [0, 0, 16, 16], "rotation": 90, "texture": "#0"}
			}
		},
		{
			"from": [0, 2, 5],
			"to": [2, 4, 11],
			"faces": {
				"north": {"uv": [0, 0, 16, 3], "texture": "#0"},
				"east": {"uv": [0, 0, 16, 3], "texture": "#0"},
				"south": {"uv": [0, 0, 16, 3], "texture": "#0"},
				"west": {"uv": [0, 0, 16, 3], "texture": "#0"},
				"up": {"uv": [0, 0, 16, 3], "rotation": 270, "texture": "#0"},
				"down": {"uv": [0, 0, 16, 3], "rotation": 90, "texture": "#0"}
			}
		},
		{
			"from": [0, 1, 3],
			"to": [2, 2, 13],
			"faces": {
				"north": {"uv": [0, 0, 16, 2], "texture": "#0"},
				"east": {"uv": [0, 0, 16, 2], "texture": "#0"},
				"south": {"uv": [0, 0, 16, 2], "texture": "#0"},
				"west": {"uv": [0, 0, 16, 2], "texture": "#0"},
				"up": {"uv": [0, 0, 16, 2], "rotation": 270, "texture": "#0"},
				"down": {"uv": [0, 0, 16, 2], "rotation": 90, "texture": "#0"}
			}
		},
		{
			"from": [0, 0, 2],
			"to": [2, 1, 14],
			"faces": {
				"north": {"uv": [0, 0, 16, 2], "texture": "#0"},
				"east": {"uv": [0, 0, 16, 2], "texture": "#0"},
				"south": {"uv": [0, 0, 16, 2], "texture": "#0"},
				"west": {"uv": [0, 0, 16, 2], "texture": "#0"},
				"up": {"uv": [0, 0, 16, 2], "rotation": 270, "texture": "#0"},
				"down": {"uv": [0, 0, 16, 2], "rotation": 90, "texture": "#0"}
			}
		},
		{
			"from": [0, 27, 11],
			"to": [2, 29, 13],
			"rotation": {"angle": 0, "axis": "z", "origin": [1, -14, -8]},
			"faces": {
				"north": {"uv": [0, 2, 16, 5], "texture": "#0"},
				"east": {"uv": [0, 2, 16, 5], "texture": "#0"},
				"south": {"uv": [0, 2, 16, 5], "texture": "#0"},
				"west": {"uv": [0, 2, 16, 5], "texture": "#0"},
				"up": {"uv": [0, 2, 16, 5], "rotation": 270, "texture": "#0"},
				"down": {"uv": [0, 2, 16, 5], "rotation": 90, "texture": "#0"}
			}
		},
		{
			"from": [0, 27, 3],
			"to": [2, 29, 5],
			"rotation": {"angle": 0, "axis": "z", "origin": [1, -14, -8]},
			"faces": {
				"north": {"uv": [0, 2, 16, 5], "texture": "#0"},
				"east": {"uv": [0, 2, 16, 5], "texture": "#0"},
				"south": {"uv": [0, 2, 16, 5], "texture": "#0"},
				"west": {"uv": [0, 2, 16, 5], "texture": "#0"},
				"up": {"uv": [0, 2, 16, 5], "rotation": 270, "texture": "#0"},
				"down": {"uv": [0, 2, 16, 5], "rotation": 90, "texture": "#0"}
			}
		},
		{
			"from": [0, 28, 4],
			"to": [2, 30, 6],
			"rotation": {"angle": 0, "axis": "z", "origin": [1, -14, -8]},
			"faces": {
				"north": {"uv": [0, 2, 16, 5], "texture": "#0"},
				"east": {"uv": [0, 2, 16, 5], "texture": "#0"},
				"south": {"uv": [0, 2, 16, 5], "texture": "#0"},
				"west": {"uv": [0, 2, 16, 5], "texture": "#0"},
				"up": {"uv": [0, 2, 16, 5], "rotation": 270, "texture": "#0"},
				"down": {"uv": [0, 2, 16, 5], "rotation": 90, "texture": "#0"}
			}
		},
		{
			"from": [0, 28, 10],
			"to": [2, 30, 12],
			"rotation": {"angle": 0, "axis": "z", "origin": [1, -14, -8]},
			"faces": {
				"north": {"uv": [0, 2, 16, 5], "texture": "#0"},
				"east": {"uv": [0, 2, 16, 5], "texture": "#0"},
				"south": {"uv": [0, 2, 16, 5], "texture": "#0"},
				"west": {"uv": [0, 2, 16, 5], "texture": "#0"},
				"up": {"uv": [0, 2, 16, 5], "rotation": 270, "texture": "#0"},
				"down": {"uv": [0, 2, 16, 5], "rotation": 90, "texture": "#0"}
			}
		},
		{
			"from": [0, 29, 5],
			"to": [2, 31, 11],
			"rotation": {"angle": 0, "axis": "z", "origin": [1, -14, -8]},
			"faces": {
				"north": {"uv": [0, 2, 16, 5], "texture": "#0"},
				"east": {"uv": [0, 2, 16, 5], "texture": "#0"},
				"south": {"uv": [0, 2, 16, 5], "texture": "#0"},
				"west": {"uv": [0, 2, 16, 5], "texture": "#0"},
				"up": {"uv": [0, 2, 16, 5], "rotation": 270, "texture": "#0"},
				"down": {"uv": [0, 2, 16, 5], "rotation": 90, "texture": "#0"}
			}
		},
		{
			"from": [0, 3, 10],
			"to": [2, 5, 12],
			"faces": {
				"north": {"uv": [0, 0, 16, 3], "texture": "#0"},
				"east": {"uv": [0, 0, 16, 3], "texture": "#0"},
				"south": {"uv": [0, 0, 16, 3], "texture": "#0"},
				"west": {"uv": [0, 0, 16, 3], "texture": "#0"},
				"up": {"uv": [0, 0, 16, 3], "rotation": 270, "texture": "#0"},
				"down": {"uv": [0, 0, 16, 3], "rotation": 90, "texture": "#0"}
			}
		},
		{
			"from": [0, 3, 4],
			"to": [2, 5, 6],
			"faces": {
				"north": {"uv": [0, 0, 16, 3], "texture": "#0"},
				"east": {"uv": [0, 0, 16, 3], "texture": "#0"},
				"south": {"uv": [0, 0, 16, 3], "texture": "#0"},
				"west": {"uv": [0, 0, 16, 3], "texture": "#0"},
				"up": {"uv": [0, 0, 16, 3], "rotation": 270, "texture": "#0"},
				"down": {"uv": [0, 0, 16, 3], "rotation": 90, "texture": "#0"}
			}
		},
		{
			"from": [0, 3, 4],
			"to": [2, 5, 6],
			"faces": {
				"north": {"uv": [0, 0, 16, 3], "texture": "#0"},
				"east": {"uv": [0, 0, 16, 3], "texture": "#0"},
				"south": {"uv": [0, 0, 16, 3], "texture": "#0"},
				"west": {"uv": [0, 0, 16, 3], "texture": "#0"},
				"up": {"uv": [0, 0, 16, 3], "rotation": 270, "texture": "#0"},
				"down": {"uv": [0, 0, 16, 3], "rotation": 90, "texture": "#0"}
			}
		},
		{
			"from": [0, 4, 3],
			"to": [2, 6, 5],
			"faces": {
				"north": {"uv": [0, 0, 16, 3], "texture": "#0"},
				"east": {"uv": [0, 0, 16, 3], "texture": "#0"},
				"south": {"uv": [0, 0, 16, 3], "texture": "#0"},
				"west": {"uv": [0, 0, 16, 3], "texture": "#0"},
				"up": {"uv": [0, 0, 16, 3], "rotation": 270, "texture": "#0"},
				"down": {"uv": [0, 0, 16, 3], "rotation": 90, "texture": "#0"}
			}
		},
		{
			"from": [0, 4, 11],
			"to": [2, 6, 13],
			"faces": {
				"north": {"uv": [0, 0, 16, 3], "texture": "#0"},
				"east": {"uv": [0, 0, 16, 3], "texture": "#0"},
				"south": {"uv": [0, 0, 16, 3], "texture": "#0"},
				"west": {"uv": [0, 0, 16, 3], "texture": "#0"},
				"up": {"uv": [0, 0, 16, 3], "rotation": 270, "texture": "#0"},
				"down": {"uv": [0, 0, 16, 3], "rotation": 90, "texture": "#0"}
			}
		},
		{
			"from": [0, 5, 12],
			"to": [2, 28, 14],
			"faces": {
				"north": {"uv": [0, 0, 16, 16], "texture": "#0"},
				"east": {"uv": [0, 0, 16, 16], "texture": "#0"},
				"south": {"uv": [0, 0, 16, 16], "texture": "#0"},
				"west": {"uv": [0, 0, 16, 16], "texture": "#0"},
				"up": {"uv": [0, 0, 16, 16], "rotation": 270, "texture": "#0"},
				"down": {"uv": [0, 0, 16, 16], "rotation": 90, "texture": "#0"}
			}
		},
		{
			"from": [0.5, 4, 4],
			"to": [2.5, 29, 12],
			"faces": {
				"north": {"uv": [0, 0, 8, 16], "texture": "#1"},
				"east": {"uv": [0, 0, 8, 16], "texture": "#1"},
				"south": {"uv": [0, 0, 8, 16], "texture": "#1"},
				"west": {"uv": [0, 0, 8, 16], "texture": "#1"},
				"up": {"uv": [0, 0, 8, 16], "rotation": 270, "texture": "#1"},
				"down": {"uv": [0, 0, 8, 16], "rotation": 90, "texture": "#1"}
			}
		},
		{
			"from": [0.3, 4, 4],
			"to": [2.3, 29, 12],
			"faces": {
				"north": {"uv": [0, 0, 8, 16], "texture": "#1"},
				"east": {"uv": [0, 0, 8, 16], "texture": "#1"},
				"south": {"uv": [0, 0, 8, 16], "texture": "#1"},
				"west": {"uv": [0, 0, 16, 16], "texture": "#3"},
				"up": {"uv": [0, 0, 8, 16], "rotation": 270, "texture": "#1"},
				"down": {"uv": [0, 0, 8, 16], "rotation": 90, "texture": "#1"}
			}
		},
		{
			"from": [14, 5, 2],
			"to": [16, 28, 4],
			"rotation": {"angle": 0, "axis": "y", "origin": [16, 0, 0]},
			"faces": {
				"north": {"uv": [16, 0, 0, 16], "texture": "#0"},
				"east": {"uv": [16, 0, 0, 16], "texture": "#0"},
				"south": {"uv": [16, 0, 0, 16], "texture": "#0"},
				"west": {"uv": [16, 0, 0, 16], "texture": "#0"},
				"up": {"uv": [0, 16, 16, 0], "rotation": 270, "texture": "#0"},
				"down": {"uv": [0, 16, 16, 0], "rotation": 90, "texture": "#0"}
			}
		},
		{
			"from": [14, 2, 5],
			"to": [16, 4, 11],
			"rotation": {"angle": 0, "axis": "y", "origin": [16, 0, 0]},
			"faces": {
				"north": {"uv": [16, 0, 0, 3], "texture": "#0"},
				"east": {"uv": [16, 0, 0, 3], "texture": "#0"},
				"south": {"uv": [16, 0, 0, 3], "texture": "#0"},
				"west": {"uv": [16, 0, 0, 3], "texture": "#0"},
				"up": {"uv": [0, 3, 16, 0], "rotation": 270, "texture": "#0"},
				"down": {"uv": [0, 3, 16, 0], "rotation": 90, "texture": "#0"}
			}
		},
		{
			"from": [14, 1, 3],
			"to": [16, 2, 13],
			"rotation": {"angle": 0, "axis": "y", "origin": [16, 0, 0]},
			"faces": {
				"north": {"uv": [16, 0, 0, 2], "texture": "#0"},
				"east": {"uv": [16, 0, 0, 2], "texture": "#0"},
				"south": {"uv": [16, 0, 0, 2], "texture": "#0"},
				"west": {"uv": [16, 0, 0, 2], "texture": "#0"},
				"up": {"uv": [0, 2, 16, 0], "rotation": 270, "texture": "#0"},
				"down": {"uv": [0, 2, 16, 0], "rotation": 90, "texture": "#0"}
			}
		},
		{
			"from": [14, 0, 2],
			"to": [16, 1, 14],
			"rotation": {"angle": 0, "axis": "y", "origin": [16, 0, 0]},
			"faces": {
				"north": {"uv": [16, 0, 0, 2], "texture": "#0"},
				"east": {"uv": [16, 0, 0, 2], "texture": "#0"},
				"south": {"uv": [16, 0, 0, 2], "texture": "#0"},
				"west": {"uv": [16, 0, 0, 2], "texture": "#0"},
				"up": {"uv": [0, 2, 16, 0], "rotation": 270, "texture": "#0"},
				"down": {"uv": [0, 2, 16, 0], "rotation": 90, "texture": "#0"}
			}
		},
		{
			"from": [14, 27, 11],
			"to": [16, 29, 13],
			"rotation": {"angle": 0, "axis": "z", "origin": [15, -14, -8]},
			"faces": {
				"north": {"uv": [16, 2, 0, 5], "texture": "#0"},
				"east": {"uv": [16, 2, 0, 5], "texture": "#0"},
				"south": {"uv": [16, 2, 0, 5], "texture": "#0"},
				"west": {"uv": [16, 2, 0, 5], "texture": "#0"},
				"up": {"uv": [0, 5, 16, 2], "rotation": 270, "texture": "#0"},
				"down": {"uv": [0, 5, 16, 2], "rotation": 90, "texture": "#0"}
			}
		},
		{
			"from": [14, 27, 3],
			"to": [16, 29, 5],
			"rotation": {"angle": 0, "axis": "z", "origin": [15, -14, -8]},
			"faces": {
				"north": {"uv": [16, 2, 0, 5], "texture": "#0"},
				"east": {"uv": [16, 2, 0, 5], "texture": "#0"},
				"south": {"uv": [16, 2, 0, 5], "texture": "#0"},
				"west": {"uv": [16, 2, 0, 5], "texture": "#0"},
				"up": {"uv": [0, 5, 16, 2], "rotation": 270, "texture": "#0"},
				"down": {"uv": [0, 5, 16, 2], "rotation": 90, "texture": "#0"}
			}
		},
		{
			"from": [14, 28, 4],
			"to": [16, 30, 6],
			"rotation": {"angle": 0, "axis": "z", "origin": [15, -14, -8]},
			"faces": {
				"north": {"uv": [16, 2, 0, 5], "texture": "#0"},
				"east": {"uv": [16, 2, 0, 5], "texture": "#0"},
				"south": {"uv": [16, 2, 0, 5], "texture": "#0"},
				"west": {"uv": [16, 2, 0, 5], "texture": "#0"},
				"up": {"uv": [0, 5, 16, 2], "rotation": 270, "texture": "#0"},
				"down": {"uv": [0, 5, 16, 2], "rotation": 90, "texture": "#0"}
			}
		},
		{
			"from": [14, 28, 10],
			"to": [16, 30, 12],
			"rotation": {"angle": 0, "axis": "z", "origin": [15, -14, -8]},
			"faces": {
				"north": {"uv": [16, 2, 0, 5], "texture": "#0"},
				"east": {"uv": [16, 2, 0, 5], "texture": "#0"},
				"south": {"uv": [16, 2, 0, 5], "texture": "#0"},
				"west": {"uv": [16, 2, 0, 5], "texture": "#0"},
				"up": {"uv": [0, 5, 16, 2], "rotation": 270, "texture": "#0"},
				"down": {"uv": [0, 5, 16, 2], "rotation": 90, "texture": "#0"}
			}
		},
		{
			"from": [14, 29, 5],
			"to": [16, 31, 11],
			"rotation": {"angle": 0, "axis": "z", "origin": [15, -14, -8]},
			"faces": {
				"north": {"uv": [16, 2, 0, 5], "texture": "#0"},
				"east": {"uv": [16, 2, 0, 5], "texture": "#0"},
				"south": {"uv": [16, 2, 0, 5], "texture": "#0"},
				"west": {"uv": [16, 2, 0, 5], "texture": "#0"},
				"up": {"uv": [0, 5, 16, 2], "rotation": 270, "texture": "#0"},
				"down": {"uv": [0, 5, 16, 2], "rotation": 90, "texture": "#0"}
			}
		},
		{
			"from": [14, 3, 10],
			"to": [16, 5, 12],
			"rotation": {"angle": 0, "axis": "y", "origin": [16, 0, 0]},
			"faces": {
				"north": {"uv": [16, 0, 0, 3], "texture": "#0"},
				"east": {"uv": [16, 0, 0, 3], "texture": "#0"},
				"south": {"uv": [16, 0, 0, 3], "texture": "#0"},
				"west": {"uv": [16, 0, 0, 3], "texture": "#0"},
				"up": {"uv": [0, 3, 16, 0], "rotation": 270, "texture": "#0"},
				"down": {"uv": [0, 3, 16, 0], "rotation": 90, "texture": "#0"}
			}
		},
		{
			"from": [14, 3, 4],
			"to": [16, 5, 6],
			"rotation": {"angle": 0, "axis": "y", "origin": [16, 0, 0]},
			"faces": {
				"north": {"uv": [16, 0, 0, 3], "texture": "#0"},
				"east": {"uv": [16, 0, 0, 3], "texture": "#0"},
				"south": {"uv": [16, 0, 0, 3], "texture": "#0"},
				"west": {"uv": [16, 0, 0, 3], "texture": "#0"},
				"up": {"uv": [0, 3, 16, 0], "rotation": 270, "texture": "#0"},
				"down": {"uv": [0, 3, 16, 0], "rotation": 90, "texture": "#0"}
			}
		},
		{
			"from": [14, 3, 4],
			"to": [16, 5, 6],
			"rotation": {"angle": 0, "axis": "y", "origin": [16, 0, 0]},
			"faces": {
				"north": {"uv": [16, 0, 0, 3], "texture": "#0"},
				"east": {"uv": [16, 0, 0, 3], "texture": "#0"},
				"south": {"uv": [16, 0, 0, 3], "texture": "#0"},
				"west": {"uv": [16, 0, 0, 3], "texture": "#0"},
				"up": {"uv": [0, 3, 16, 0], "rotation": 270, "texture": "#0"},
				"down": {"uv": [0, 3, 16, 0], "rotation": 90, "texture": "#0"}
			}
		},
		{
			"from": [14, 4, 3],
			"to": [16, 6, 5],
			"rotation": {"angle": 0, "axis": "y", "origin": [16, 0, 0]},
			"faces": {
				"north": {"uv": [16, 0, 0, 3], "texture": "#0"},
				"east": {"uv": [16, 0, 0, 3], "texture": "#0"},
				"south": {"uv": [16, 0, 0, 3], "texture": "#0"},
				"west": {"uv": [16, 0, 0, 3], "texture": "#0"},
				"up": {"uv": [0, 3, 16, 0], "rotation": 270, "texture": "#0"},
				"down": {"uv": [0, 3, 16, 0], "rotation": 90, "texture": "#0"}
			}
		},
		{
			"from": [14, 4, 11],
			"to": [16, 6, 13],
			"rotation": {"angle": 0, "axis": "y", "origin": [16, 0, 0]},
			"faces": {
				"north": {"uv": [16, 0, 0, 3], "texture": "#0"},
				"east": {"uv": [16, 0, 0, 3], "texture": "#0"},
				"south": {"uv": [16, 0, 0, 3], "texture": "#0"},
				"west": {"uv": [16, 0, 0, 3], "texture": "#0"},
				"up": {"uv": [0, 3, 16, 0], "rotation": 270, "texture": "#0"},
				"down": {"uv": [0, 3, 16, 0], "rotation": 90, "texture": "#0"}
			}
		},
		{
			"from": [14, 5, 12],
			"to": [16, 28, 14],
			"rotation": {"angle": 0, "axis": "y", "origin": [16, 0, 0]},
			"faces": {
				"north": {"uv": [16, 0, 0, 16], "texture": "#0"},
				"east": {"uv": [16, 0, 0, 16], "texture": "#0"},
				"south": {"uv": [16, 0, 0, 16], "texture": "#0"},
				"west": {"uv": [16, 0, 0, 16], "texture": "#0"},
				"up": {"uv": [0, 16, 16, 0], "rotation": 270, "texture": "#0"},
				"down": {"uv": [0, 16, 16, 0], "rotation": 90, "texture": "#0"}
			}
		},
		{
			"from": [13.5, 4, 4],
			"to": [15.5, 29, 12],
			"rotation": {"angle": 0, "axis": "y", "origin": [16, 0, 0]},
			"faces": {
				"north": {"uv": [8, 0, 0, 16], "texture": "#1"},
				"east": {"uv": [8, 0, 0, 16], "texture": "#1"},
				"south": {"uv": [8, 0, 0, 16], "texture": "#1"},
				"west": {"uv": [8, 0, 0, 16], "texture": "#1"},
				"up": {"uv": [0, 16, 8, 0], "rotation": 270, "texture": "#1"},
				"down": {"uv": [0, 16, 8, 0], "rotation": 90, "texture": "#1"}
			}
		},
		{
			"from": [13.7, 4, 4],
			"to": [15.7, 29, 12],
			"rotation": {"angle": 0, "axis": "y", "origin": [16, 0, 0]},
			"faces": {
				"north": {"uv": [8, 0, 0, 16], "texture": "#1"},
				"east": {"uv": [16, 0, 0, 16], "texture": "#3"},
				"south": {"uv": [8, 0, 0, 16], "texture": "#1"},
				"west": {"uv": [8, 0, 0, 16], "texture": "#1"},
				"up": {"uv": [0, 16, 8, 0], "rotation": 270, "texture": "#1"},
				"down": {"uv": [0, 16, 8, 0], "rotation": 90, "texture": "#1"}
			}
		},
		{
			"from": [12, 5, 14],
			"to": [14, 28, 16],
			"rotation": {"angle": 0, "axis": "y", "origin": [0, 0, 16]},
			"faces": {
				"north": {"uv": [16, 0, 0, 16], "texture": "#0"},
				"east": {"uv": [16, 0, 0, 16], "texture": "#0"},
				"south": {"uv": [16, 0, 0, 16], "texture": "#0"},
				"west": {"uv": [16, 0, 0, 16], "texture": "#0"},
				"up": {"uv": [0, 16, 16, 0], "texture": "#0"},
				"down": {"uv": [0, 16, 16, 0], "texture": "#0"}
			}
		},
		{
			"from": [5, 2, 14],
			"to": [11, 4, 16],
			"rotation": {"angle": 0, "axis": "y", "origin": [0, 0, 16]},
			"faces": {
				"north": {"uv": [16, 0, 0, 3], "texture": "#0"},
				"east": {"uv": [16, 0, 0, 3], "texture": "#0"},
				"south": {"uv": [16, 0, 0, 3], "texture": "#0"},
				"west": {"uv": [16, 0, 0, 3], "texture": "#0"},
				"up": {"uv": [0, 3, 16, 0], "texture": "#0"},
				"down": {"uv": [0, 3, 16, 0], "texture": "#0"}
			}
		},
		{
			"from": [3, 1, 14],
			"to": [13, 2, 16],
			"rotation": {"angle": 0, "axis": "y", "origin": [0, 0, 16]},
			"faces": {
				"north": {"uv": [16, 0, 0, 2], "texture": "#0"},
				"east": {"uv": [16, 0, 0, 2], "texture": "#0"},
				"south": {"uv": [16, 0, 0, 2], "texture": "#0"},
				"west": {"uv": [16, 0, 0, 2], "texture": "#0"},
				"up": {"uv": [0, 2, 16, 0], "texture": "#0"},
				"down": {"uv": [0, 2, 16, 0], "texture": "#0"}
			}
		},
		{
			"from": [2, 0, 14],
			"to": [14, 1, 16],
			"rotation": {"angle": 0, "axis": "y", "origin": [0, 0, 16]},
			"faces": {
				"north": {"uv": [16, 0, 0, 2], "texture": "#0"},
				"east": {"uv": [16, 0, 0, 2], "texture": "#0"},
				"south": {"uv": [16, 0, 0, 2], "texture": "#0"},
				"west": {"uv": [16, 0, 0, 2], "texture": "#0"},
				"up": {"uv": [0, 2, 16, 0], "texture": "#0"},
				"down": {"uv": [0, 2, 16, 0], "texture": "#0"}
			}
		},
		{
			"from": [3, 27, 14],
			"to": [5, 29, 16],
			"rotation": {"angle": 0, "axis": "z", "origin": [8, -14, 15]},
			"faces": {
				"north": {"uv": [16, 2, 0, 5], "texture": "#0"},
				"east": {"uv": [16, 2, 0, 5], "texture": "#0"},
				"south": {"uv": [16, 2, 0, 5], "texture": "#0"},
				"west": {"uv": [16, 2, 0, 5], "texture": "#0"},
				"up": {"uv": [0, 5, 16, 2], "texture": "#0"},
				"down": {"uv": [0, 5, 16, 2], "texture": "#0"}
			}
		},
		{
			"from": [11, 27, 14],
			"to": [13, 29, 16],
			"rotation": {"angle": 0, "axis": "z", "origin": [8, -14, 15]},
			"faces": {
				"north": {"uv": [16, 2, 0, 5], "texture": "#0"},
				"east": {"uv": [16, 2, 0, 5], "texture": "#0"},
				"south": {"uv": [16, 2, 0, 5], "texture": "#0"},
				"west": {"uv": [16, 2, 0, 5], "texture": "#0"},
				"up": {"uv": [0, 5, 16, 2], "texture": "#0"},
				"down": {"uv": [0, 5, 16, 2], "texture": "#0"}
			}
		},
		{
			"from": [10, 28, 14],
			"to": [12, 30, 16],
			"rotation": {"angle": 0, "axis": "z", "origin": [8, -14, 15]},
			"faces": {
				"north": {"uv": [16, 2, 0, 5], "texture": "#0"},
				"east": {"uv": [16, 2, 0, 5], "texture": "#0"},
				"south": {"uv": [16, 2, 0, 5], "texture": "#0"},
				"west": {"uv": [16, 2, 0, 5], "texture": "#0"},
				"up": {"uv": [0, 5, 16, 2], "texture": "#0"},
				"down": {"uv": [0, 5, 16, 2], "texture": "#0"}
			}
		},
		{
			"from": [4, 28, 14],
			"to": [6, 30, 16],
			"rotation": {"angle": 0, "axis": "z", "origin": [8, -14, 15]},
			"faces": {
				"north": {"uv": [16, 2, 0, 5], "texture": "#0"},
				"east": {"uv": [16, 2, 0, 5], "texture": "#0"},
				"south": {"uv": [16, 2, 0, 5], "texture": "#0"},
				"west": {"uv": [16, 2, 0, 5], "texture": "#0"},
				"up": {"uv": [0, 5, 16, 2], "texture": "#0"},
				"down": {"uv": [0, 5, 16, 2], "texture": "#0"}
			}
		},
		{
			"from": [5, 29, 14],
			"to": [11, 31, 16],
			"rotation": {"angle": 0, "axis": "z", "origin": [8, -14, 15]},
			"faces": {
				"north": {"uv": [16, 2, 0, 5], "texture": "#0"},
				"east": {"uv": [16, 2, 0, 5], "texture": "#0"},
				"south": {"uv": [16, 2, 0, 5], "texture": "#0"},
				"west": {"uv": [16, 2, 0, 5], "texture": "#0"},
				"up": {"uv": [0, 5, 16, 2], "texture": "#0"},
				"down": {"uv": [0, 5, 16, 2], "texture": "#0"}
			}
		},
		{
			"from": [4, 3, 14],
			"to": [6, 5, 16],
			"rotation": {"angle": 0, "axis": "y", "origin": [0, 0, 16]},
			"faces": {
				"north": {"uv": [16, 0, 0, 3], "texture": "#0"},
				"east": {"uv": [16, 0, 0, 3], "texture": "#0"},
				"south": {"uv": [16, 0, 0, 3], "texture": "#0"},
				"west": {"uv": [16, 0, 0, 3], "texture": "#0"},
				"up": {"uv": [0, 3, 16, 0], "texture": "#0"},
				"down": {"uv": [0, 3, 16, 0], "texture": "#0"}
			}
		},
		{
			"from": [10, 3, 14],
			"to": [12, 5, 16],
			"rotation": {"angle": 0, "axis": "y", "origin": [0, 0, 16]},
			"faces": {
				"north": {"uv": [16, 0, 0, 3], "texture": "#0"},
				"east": {"uv": [16, 0, 0, 3], "texture": "#0"},
				"south": {"uv": [16, 0, 0, 3], "texture": "#0"},
				"west": {"uv": [16, 0, 0, 3], "texture": "#0"},
				"up": {"uv": [0, 3, 16, 0], "texture": "#0"},
				"down": {"uv": [0, 3, 16, 0], "texture": "#0"}
			}
		},
		{
			"from": [10, 3, 14],
			"to": [12, 5, 16],
			"rotation": {"angle": 0, "axis": "y", "origin": [0, 0, 16]},
			"faces": {
				"north": {"uv": [16, 0, 0, 3], "texture": "#0"},
				"east": {"uv": [16, 0, 0, 3], "texture": "#0"},
				"south": {"uv": [16, 0, 0, 3], "texture": "#0"},
				"west": {"uv": [16, 0, 0, 3], "texture": "#0"},
				"up": {"uv": [0, 3, 16, 0], "texture": "#0"},
				"down": {"uv": [0, 3, 16, 0], "texture": "#0"}
			}
		},
		{
			"from": [11, 4, 14],
			"to": [13, 6, 16],
			"rotation": {"angle": 0, "axis": "y", "origin": [0, 0, 16]},
			"faces": {
				"north": {"uv": [16, 0, 0, 3], "texture": "#0"},
				"east": {"uv": [16, 0, 0, 3], "texture": "#0"},
				"south": {"uv": [16, 0, 0, 3], "texture": "#0"},
				"west": {"uv": [16, 0, 0, 3], "texture": "#0"},
				"up": {"uv": [0, 3, 16, 0], "texture": "#0"},
				"down": {"uv": [0, 3, 16, 0], "texture": "#0"}
			}
		},
		{
			"from": [3, 4, 14],
			"to": [5, 6, 16],
			"rotation": {"angle": 0, "axis": "y", "origin": [0, 0, 16]},
			"faces": {
				"north": {"uv": [16, 0, 0, 3], "texture": "#0"},
				"east": {"uv": [16, 0, 0, 3], "texture": "#0"},
				"south": {"uv": [16, 0, 0, 3], "texture": "#0"},
				"west": {"uv": [16, 0, 0, 3], "texture": "#0"},
				"up": {"uv": [0, 3, 16, 0], "texture": "#0"},
				"down": {"uv": [0, 3, 16, 0], "texture": "#0"}
			}
		},
		{
			"from": [2, 5, 14],
			"to": [4, 28, 16],
			"rotation": {"angle": 0, "axis": "y", "origin": [0, 0, 16]},
			"faces": {
				"north": {"uv": [16, 0, 0, 16], "texture": "#0"},
				"east": {"uv": [16, 0, 0, 16], "texture": "#0"},
				"south": {"uv": [16, 0, 0, 16], "texture": "#0"},
				"west": {"uv": [16, 0, 0, 16], "texture": "#0"},
				"up": {"uv": [0, 16, 16, 0], "texture": "#0"},
				"down": {"uv": [0, 16, 16, 0], "texture": "#0"}
			}
		},
		{
			"from": [4, 4, 13.5],
			"to": [12, 29, 15.5],
			"rotation": {"angle": 0, "axis": "y", "origin": [0, 0, 16]},
			"faces": {
				"north": {"uv": [8, 0, 0, 16], "texture": "#1"},
				"east": {"uv": [8, 0, 0, 16], "texture": "#1"},
				"south": {"uv": [8, 0, 0, 16], "texture": "#1"},
				"west": {"uv": [8, 0, 0, 16], "texture": "#1"},
				"up": {"uv": [0, 16, 8, 0], "texture": "#1"},
				"down": {"uv": [0, 16, 8, 0], "texture": "#1"}
			}
		},
		{
			"from": [4, 4, 13.7],
			"to": [12, 29, 15.7],
			"rotation": {"angle": 0, "axis": "y", "origin": [0, 0, 16]},
			"faces": {
				"north": {"uv": [8, 0, 0, 16], "texture": "#1"},
				"east": {"uv": [8, 0, 0, 16], "texture": "#1"},
				"south": {"uv": [16, 0, 0, 16], "texture": "#3"},
				"west": {"uv": [8, 0, 0, 16], "texture": "#1"},
				"up": {"uv": [0, 16, 8, 0], "texture": "#1"},
				"down": {"uv": [0, 16, 8, 0], "texture": "#1"}
			}
		}
	],
	"display": {
		"gui": {
			"translation": [0, -3.5, 0],
			"scale": [1, 0.52, 1]
		},
		"head": {
			"scale": [2, 2.5, 2]
		}
	},
	"groups": [
		0,
		{
			"name": "group",
			"origin": [0, 0, 0],
			"color": 0,
			"children": [1, 2, 3, 4, 5, 6, 7, 8, 9, 10, 11, 12, 13, 14, 15, 16, 17]
		},
		{
			"name": "group",
			"origin": [0, 0, 0],
			"color": 0,
			"children": [18, 19, 20, 21, 22, 23, 24, 25, 26, 27, 28, 29, 30, 31, 32, 33, 34]
		},
		{
			"name": "group",
			"origin": [0, 0, 0],
			"color": 0,
			"children": [35, 36, 37, 38, 39, 40, 41, 42, 43, 44, 45, 46, 47, 48, 49, 50, 51]
		},
		{
			"name": "group",
			"origin": [0, 0, 0],
			"color": 0,
			"children": [52, 53, 54, 55, 56, 57, 58, 59, 60, 61, 62, 63, 64, 65, 66, 67, 68]
		}
	]
}