{
	"credit": "Made with Blockbench",
	"textures": {
		"0": "block/white_concrete",
		"1": "block/red_concrete",
		"particle": "block/white_concrete"
	},
	"elements": [
		{
			"from": [4, 0, 12],
			"to": [13, 2, 13],
			"rotation": {"angle": 0, "axis": "y", "origin": [10, 8, 19]},
			"faces": {
				"north": {"uv": [0, 0, 9, 1], "texture": "#0"},
				"east": {"uv": [0, 0, 9, 1], "texture": "#0"},
				"south": {"uv": [0, 0, 9, 1], "texture": "#0"},
				"up": {"uv": [0, 0, 9, 1], "texture": "#0"},
				"down": {"uv": [0, 0, 9, 1], "texture": "#0"}
			}
		},
		{
			"from": [12, 0, 3],
			"to": [13, 2, 12],
			"rotation": {"angle": 0, "axis": "y", "origin": [10, 8, 19]},
			"faces": {
				"north": {"uv": [0, 0, 1, 9], "texture": "#0"},
				"east": {"uv": [0, 0, 1, 9], "texture": "#0"},
				"west": {"uv": [0, 0, 1, 9], "texture": "#0"},
				"up": {"uv": [0, 0, 1, 9], "texture": "#0"},
				"down": {"uv": [0, 0, 1, 9], "texture": "#0"}
			}
		},
		{
			"from": [3, 0, 3],
			"to": [12, 2, 4],
			"rotation": {"angle": 0, "axis": "y", "origin": [10, 8, 19]},
			"faces": {
				"north": {"uv": [0, 0, 9, 1], "texture": "#0"},
				"south": {"uv": [0, 0, 9, 1], "texture": "#0"},
				"west": {"uv": [0, 0, 9, 1], "texture": "#0"},
				"up": {"uv": [0, 0, 9, 1], "texture": "#0"},
				"down": {"uv": [0, 0, 9, 1], "texture": "#0"}
			}
		},
		{
			"from": [3, 0, 4],
			"to": [4, 2, 13],
			"rotation": {"angle": 0, "axis": "y", "origin": [10, 8, 19]},
			"faces": {
				"east": {"uv": [0, 0, 1, 9], "texture": "#0"},
				"south": {"uv": [0, 0, 1, 9], "texture": "#0"},
				"west": {"uv": [0, 0, 1, 9], "texture": "#0"},
				"up": {"uv": [0, 0, 1, 9], "texture": "#0"},
				"down": {"uv": [0, 0, 1, 9], "texture": "#0"}
			}
		},
		{
			"from": [4.4672, 4, 4.4672],
			"to": [11.5328, 6, 11.5328],
			"rotation": {"angle": 0, "axis": "y", "origin": [11.5328, 12, 17.7152]},
			"faces": {
				"north": {"uv": [0, 0, 8, 8], "texture": "#1"},
				"east": {"uv": [0, 0, 8, 8], "texture": "#1"},
				"south": {"uv": [0, 0, 8, 8], "texture": "#1"},
				"west": {"uv": [0, 0, 8, 8], "texture": "#1"},
				"up": {"uv": [0, 0, 8, 8], "texture": "#1"}
			}
		},
		{
			"from": [5.27692, 6, 5.27692],
			"to": [10.72308, 8, 10.72308],
			"rotation": {"angle": 0, "axis": "y", "origin": [10.72308, 14, 15.48848]},
			"faces": {
				"north": {"uv": [0, 0, 8, 8], "texture": "#1"},
				"east": {"uv": [0, 0, 8, 8], "texture": "#1"},
				"south": {"uv": [0, 0, 8, 8], "texture": "#1"},
				"west": {"uv": [0, 0, 8, 8], "texture": "#1"},
				"up": {"uv": [0, 0, 8, 8], "texture": "#1"}
			}
		},
		{
			"from": [4.53207, 8.8544, 8.3121],
			"to": [6.10163, 9.7144, 9.88166],
			"rotation": {"angle": 0, "axis": "y", "origin": [3.77447, 11.5744, 11.32416]},
			"faces": {
				"north": {"uv": [0, 0, 8, 8], "texture": "#1"},
				"east": {"uv": [0, 0, 8, 8], "texture": "#1"},
				"south": {"uv": [0, 0, 8, 8], "texture": "#1"},
				"west": {"uv": [0, 0, 8, 8], "texture": "#1"},
				"up": {"uv": [0, 0, 8, 8], "texture": "#1"},
				"down": {"uv": [0, 0, 8, 8], "texture": "#1"}
			}
		},
		{
			"from": [4.19522, 8.683, 9.14352],
			"to": [5.13696, 9.199, 10.08526],
			"rotation": {"angle": 0, "axis": "y", "origin": [3.74066, 10.715, 11.35076]},
			"faces": {
				"north": {"uv": [0, 0, 8, 8], "texture": "#1"},
				"east": {"uv": [0, 0, 8, 8], "texture": "#1"},
				"south": {"uv": [0, 0, 8, 8], "texture": "#1"},
				"west": {"uv": [0, 0, 8, 8], "texture": "#1"},
				"up": {"uv": [0, 0, 8, 8], "texture": "#1"},
				"down": {"uv": [0, 0, 8, 8], "texture": "#1"}
			}
		},
		{
			"from": [5.59387, 8, 6.31387],
			"to": [8.96613, 9, 9.68613],
			"rotation": {"angle": 0, "axis": "y", "origin": [8.96613, 16, 12.63686]},
			"faces": {
				"north": {"uv": [0, 0, 8, 8], "texture": "#1"},
				"east": {"uv": [0, 0, 8, 8], "texture": "#1"},
				"south": {"uv": [0, 0, 8, 8], "texture": "#1"},
				"west": {"uv": [0, 0, 8, 8], "texture": "#1"},
				"up": {"uv": [0, 0, 8, 8], "texture": "#1"}
			}
		},
		{
			"from": [4, 2, 4],
			"to": [12, 4, 12],
			"rotation": {"angle": 0, "axis": "y", "origin": [12, 10, 19]},
			"faces": {
				"north": {"uv": [0, 0, 8, 8], "texture": "#1"},
				"east": {"uv": [0, 0, 8, 8], "texture": "#1"},
				"south": {"uv": [0, 0, 8, 8], "texture": "#1"},
				"west": {"uv": [0, 0, 8, 8], "texture": "#1"},
				"up": {"uv": [0, 0, 8, 8], "texture": "#1"},
				"down": {"uv": [0, 0, 8, 8], "texture": "#1"}
			}
		},
		{
			"from": [3.17649, 6.81184, 9.11536],
			"to": [4.84558, 8.74305, 11.19917],
			"rotation": {"angle": 0, "axis": "y", "origin": [10.50919, 16.26147, 18.80584]},
			"faces": {
				"north": {"uv": [0, 0, 1, 1], "texture": "#0"},
				"east": {"uv": [0, 0, 1, 1], "texture": "#0"},
				"south": {"uv": [0, 0, 1, 1], "texture": "#0"},
				"west": {"uv": [0, 0, 1, 1], "texture": "#0"},
				"up": {"uv": [0, 0, 1, 1], "texture": "#0"},
				"down": {"uv": [0, 0, 1, 1], "texture": "#0"}
			}
		}
	],
	"display": {
		"thirdperson_righthand": {
			"rotation": [90, 0, 0],
			"translation": [-5.25, -2.25, 43.7],
			"scale": [4, 4, 4]
		},
		"thirdperson_lefthand": {
			"rotation": [90, 0, 0],
			"translation": [0, -2, 14.7],
			"scale": [0.3, 0.3, 0.3]
		},
		"firstperson_righthand": {
			"translation": [2.75, 4, 2.5],
			"scale": [0.5, 0.5, 0.5]
		},
		"firstperson_lefthand": {
			"translation": [2.75, 4, 2.5],
			"scale": [0.5, 0.5, 0.5]
		},
		"ground": {
			"translation": [0, 3.75, 0]
		},
		"gui": {
			"rotation": [21, 24, 0],
			"translation": [0, 3.75, 0]
		},
		"head": {
			"translation": [0, 16.75, 0],
			"scale": [1.6, 1.6, 1.6]
		},
		"fixed": {
			"translation": [0, 3.5, 0]
		}
	},
	"groups": [
		{
			"name": "steve",
			"origin": [8, 8, 8],
			"color": 0,
			"children": [0, 1, 2, 3, 4, 5, 6, 7, 8, 9]
		},
		10
	]
}