{
	"credit": "Made with Blockbench",
	"textures": {
		"main": "greenwood:model/wreath"
	},
	"elements": [
		{
			"name": "hexadecagon",
			"from": [6.60761, 5, 6.5],
			"to": [9.39239, 6.5, 8],
			"rotation": {"angle": -45, "axis": "z", "origin": [8, 12, 8]},
			"faces": {
				"north": {"uv": [0, 0, 4.5, 4], "texture": "#main"},
				"east": {"uv": [0, 0, 4.5, 4], "texture": "#main"},
				"south": {"uv": [0, 0, 4.5, 4], "texture": "#main"},
				"west": {"uv": [0, 0, 4.5, 4], "texture": "#main"},
				"up": {"uv": [0, 0, 4.5, 4], "texture": "#main"},
				"down": {"uv": [0, 0, 4.5, 4], "texture": "#main"}
			}
		},
		{
			"name": "hexadecagon",
			"from": [6.60761, 5, 6.5],
			"to": [9.39239, 6.5, 8],
			"rotation": {"angle": -22.5, "axis": "z", "origin": [8, 12, 8]},
			"faces": {
				"north": {"uv": [0, 0, 4.5, 4], "texture": "#main"},
				"east": {"uv": [0, 0, 4.5, 4], "texture": "#main"},
				"south": {"uv": [0, 0, 4.5, 4], "texture": "#main"},
				"west": {"uv": [0, 0, 4.5, 4], "texture": "#main"},
				"up": {"uv": [0, 0, 4.5, 4], "texture": "#main"},
				"down": {"uv": [0, 0, 4.5, 4], "texture": "#main"}
			}
		},
		{
			"name": "hexadecagon",
			"from": [6.60761, 5, 6.5],
			"to": [9.39239, 6.5, 8],
			"rotation": {"angle": 0, "axis": "z", "origin": [8, 12, 8]},
			"faces": {
				"north": {"uv": [0, 0, 4.5, 4], "texture": "#main"},
				"east": {"uv": [0, 0, 4.5, 4], "texture": "#main"},
				"south": {"uv": [0, 0, 4.5, 4], "texture": "#main"},
				"west": {"uv": [0, 0, 4.5, 4], "texture": "#main"},
				"up": {"uv": [0, 0, 4.5, 4], "texture": "#main"},
				"down": {"uv": [0, 0, 4.5, 4], "texture": "#main"}
			}
		},
		{
			"name": "hexadecagon",
			"from": [6.60761, 5, 6.5],
			"to": [9.39239, 6.5, 8],
			"rotation": {"angle": 22.5, "axis": "z", "origin": [8, 12, 8]},
			"faces": {
				"north": {"uv": [0, 0, 4.5, 4], "texture": "#main"},
				"east": {"uv": [0, 0, 4.5, 4], "texture": "#main"},
				"south": {"uv": [0, 0, 4.5, 4], "texture": "#main"},
				"west": {"uv": [0, 0, 4.5, 4], "texture": "#main"},
				"up": {"uv": [0, 0, 4.5, 4], "texture": "#main"},
				"down": {"uv": [0, 0, 4.5, 4], "texture": "#main"}
			}
		},
		{
			"name": "hexadecagon",
			"from": [6.60761, 5, 6.5],
			"to": [9.39239, 6.5, 8],
			"rotation": {"angle": 45, "axis": "z", "origin": [8, 12, 8]},
			"faces": {
				"north": {"uv": [0, 0, 8, 5], "texture": "#main"},
				"east": {"uv": [0, 0, 8, 5], "texture": "#main"},
				"south": {"uv": [0, 0, 8, 5], "texture": "#main"},
				"west": {"uv": [0, 0, 8, 5], "texture": "#main"},
				"up": {"uv": [0, 0, 8, 5], "texture": "#main"},
				"down": {"uv": [0, 0, 8, 5], "texture": "#main"}
			}
		},
		{
			"name": "hexadecagon",
			"from": [6.60761, 17.5, 6.5],
			"to": [9.39239, 19, 8],
			"rotation": {"angle": -45, "axis": "z", "origin": [8, 12, 8]},
			"faces": {
				"north": {"uv": [0, 0, 4.5, 4], "texture": "#main"},
				"east": {"uv": [0, 0, 4.5, 4], "texture": "#main"},
				"south": {"uv": [0, 0, 4.5, 4], "texture": "#main"},
				"west": {"uv": [0, 0, 4.5, 4], "texture": "#main"},
				"up": {"uv": [0, 0, 4.5, 4], "texture": "#main"},
				"down": {"uv": [0, 0, 4.5, 4], "texture": "#main"}
			}
		},
		{
			"name": "hexadecagon",
			"from": [6.60761, 17.5, 6.5],
			"to": [9.39239, 19, 8],
			"rotation": {"angle": -22.5, "axis": "z", "origin": [8, 12, 8]},
			"faces": {
				"north": {"uv": [0, 0, 4.5, 4], "texture": "#main"},
				"east": {"uv": [0, 0, 4.5, 4], "texture": "#main"},
				"south": {"uv": [0, 0, 4.5, 4], "texture": "#main"},
				"west": {"uv": [0, 0, 4.5, 4], "texture": "#main"},
				"up": {"uv": [0, 0, 4.5, 4], "texture": "#main"},
				"down": {"uv": [0, 0, 4.5, 4], "texture": "#main"}
			}
		},
		{
			"name": "hexadecagon",
			"from": [6.60761, 17.5, 6.5],
			"to": [9.39239, 19, 8],
			"rotation": {"angle": 0, "axis": "z", "origin": [8, 12, 8]},
			"faces": {
				"north": {"uv": [0, 0, 4.5, 4], "texture": "#main"},
				"east": {"uv": [0, 0, 4.5, 4], "texture": "#main"},
				"south": {"uv": [0, 0, 4.5, 4], "texture": "#main"},
				"west": {"uv": [0, 0, 4.5, 4], "texture": "#main"},
				"up": {"uv": [0, 0, 4.5, 4], "texture": "#main"},
				"down": {"uv": [0, 0, 4.5, 4], "texture": "#main"}
			}
		},
		{
			"name": "hexadecagon",
			"from": [6.60761, 17.5, 6.5],
			"to": [9.39239, 19, 8],
			"rotation": {"angle": 22.5, "axis": "z", "origin": [8, 12, 8]},
			"faces": {
				"north": {"uv": [0, 0, 4.5, 4], "texture": "#main"},
				"east": {"uv": [0, 0, 4.5, 4], "texture": "#main"},
				"south": {"uv": [0, 0, 4.5, 4], "texture": "#main"},
				"west": {"uv": [0, 0, 4.5, 4], "texture": "#main"},
				"up": {"uv": [0, 0, 4.5, 4], "texture": "#main"},
				"down": {"uv": [0, 0, 4.5, 4], "texture": "#main"}
			}
		},
		{
			"name": "hexadecagon",
			"from": [6.60761, 17.5, 6.5],
			"to": [9.39239, 19, 8],
			"rotation": {"angle": 45, "axis": "z", "origin": [8, 12, 8]},
			"faces": {
				"north": {"uv": [0, 0, 4.5, 4], "texture": "#main"},
				"east": {"uv": [0, 0, 4.5, 4], "texture": "#main"},
				"south": {"uv": [0, 0, 4.5, 4], "texture": "#main"},
				"west": {"uv": [0, 0, 4.5, 4], "texture": "#main"},
				"up": {"uv": [0, 0, 4.5, 4], "texture": "#main"},
				"down": {"uv": [0, 0, 4.5, 4], "texture": "#main"}
			}
		},
		{
			"name": "hexadecagon",
			"from": [1, 10.60761, 6.5],
			"to": [2.5, 13.39239, 8],
			"rotation": {"angle": -22.5, "axis": "z", "origin": [8, 12, 8]},
			"faces": {
				"north": {"uv": [0, 0, 4.5, 4], "texture": "#main"},
				"east": {"uv": [0, 0, 4.5, 4], "texture": "#main"},
				"south": {"uv": [0, 0, 4.5, 4], "texture": "#main"},
				"west": {"uv": [0, 0, 4.5, 4], "texture": "#main"},
				"up": {"uv": [0, 0, 4.5, 4], "texture": "#main"},
				"down": {"uv": [0, 0, 4.5, 4], "texture": "#main"}
			}
		},
		{
			"name": "hexadecagon",
			"from": [1, 10.60761, 6.5],
			"to": [2.5, 13.39239, 8],
			"rotation": {"angle": 0, "axis": "z", "origin": [8, 12, 8]},
			"faces": {
				"north": {"uv": [0, 0, 4.5, 4], "texture": "#main"},
				"east": {"uv": [0, 0, 4.5, 4], "texture": "#main"},
				"south": {"uv": [0, 0, 4.5, 4], "texture": "#main"},
				"west": {"uv": [0, 0, 4.5, 4], "texture": "#main"},
				"up": {"uv": [0, 0, 4.5, 4], "texture": "#main"},
				"down": {"uv": [0, 0, 4.5, 4], "texture": "#main"}
			}
		},
		{
			"name": "hexadecagon",
			"from": [1, 10.60761, 6.5],
			"to": [2.5, 13.39239, 8],
			"rotation": {"angle": 22.5, "axis": "z", "origin": [8, 12, 8]},
			"faces": {
				"north": {"uv": [0, 0, 4.5, 4], "texture": "#main"},
				"east": {"uv": [0, 0, 4.5, 4], "texture": "#main"},
				"south": {"uv": [0, 0, 4.5, 4], "texture": "#main"},
				"west": {"uv": [0, 0, 4.5, 4], "texture": "#main"},
				"up": {"uv": [0, 0, 4.5, 4], "texture": "#main"},
				"down": {"uv": [0, 0, 4.5, 4], "texture": "#main"}
			}
		},
		{
			"name": "hexadecagon",
			"from": [13.5, 10.60761, 6.5],
			"to": [15, 13.39239, 8],
			"rotation": {"angle": -22.5, "axis": "z", "origin": [8, 12, 8]},
			"faces": {
				"north": {"uv": [0, 0, 4.5, 4], "texture": "#main"},
				"east": {"uv": [0, 0, 4.5, 4], "texture": "#main"},
				"south": {"uv": [0, 0, 4.5, 4], "texture": "#main"},
				"west": {"uv": [0, 0, 4.5, 4], "texture": "#main"},
				"up": {"uv": [0, 0, 4.5, 4], "texture": "#main"},
				"down": {"uv": [0, 0, 4.5, 4], "texture": "#main"}
			}
		},
		{
			"name": "hexadecagon",
			"from": [13.5, 10.60761, 6.5],
			"to": [15, 13.39239, 8],
			"rotation": {"angle": 0, "axis": "z", "origin": [8, 12, 8]},
			"faces": {
				"north": {"uv": [0, 0, 4.5, 4], "texture": "#main"},
				"east": {"uv": [0, 0, 4.5, 4], "texture": "#main"},
				"south": {"uv": [0, 0, 4.5, 4], "texture": "#main"},
				"west": {"uv": [0, 0, 4.5, 4], "texture": "#main"},
				"up": {"uv": [0, 0, 4.5, 4], "texture": "#main"},
				"down": {"uv": [0, 0, 4.5, 4], "texture": "#main"}
			}
		},
		{
			"name": "hexadecagon",
			"from": [13.5, 10.60761, 6.5],
			"to": [15, 13.39239, 8],
			"rotation": {"angle": 22.5, "axis": "z", "origin": [8, 12, 8]},
			"faces": {
				"north": {"uv": [0, 0, 4.5, 4], "texture": "#main"},
				"east": {"uv": [0, 0, 4.5, 4], "texture": "#main"},
				"south": {"uv": [0, 0, 4.5, 4], "texture": "#main"},
				"west": {"uv": [0, 0, 4.5, 4], "texture": "#main"},
				"up": {"uv": [0, 0, 4.5, 4], "texture": "#main"},
				"down": {"uv": [0, 0, 4.5, 4], "texture": "#main"}
			}
		},
		{
			"from": [6, 15, 6],
			"to": [7, 16, 7],
			"faces": {
				"north": {"uv": [2, 13.75, 3, 14.75], "texture": "#main"},
				"east": {"uv": [2, 13.75, 3, 14.75], "texture": "#main"},
				"south": {"uv": [2, 13.75, 3, 14.75], "texture": "#main"},
				"west": {"uv": [2, 13.75, 3, 14.75], "texture": "#main"},
				"up": {"uv": [2, 13.75, 3, 14.75], "texture": "#main"},
				"down": {"uv": [2, 13.75, 3, 14.75], "texture": "#main"}
			}
		},
		{
			"from": [9, 15, 6],
			"to": [10, 16, 7],
			"faces": {
				"north": {"uv": [3.25, 13, 4.25, 14], "texture": "#main"},
				"east": {"uv": [3.25, 13, 4.25, 14], "texture": "#main"},
				"south": {"uv": [3.25, 13, 4.25, 14], "texture": "#main"},
				"west": {"uv": [3.25, 13, 4.25, 14], "texture": "#main"},
				"up": {"uv": [3.25, 13, 4.25, 14], "texture": "#main"},
				"down": {"uv": [3.25, 13, 4.25, 14], "texture": "#main"}
			}
		},
		{
			"from": [7, 16, 6],
			"to": [9, 17, 7],
			"faces": {
				"north": {"uv": [2.5, 13.25, 4.5, 14.25], "texture": "#main"},
				"east": {"uv": [2.5, 13.25, 4.5, 14.25], "texture": "#main"},
				"south": {"uv": [2.5, 13.25, 4.5, 14.25], "texture": "#main"},
				"west": {"uv": [2.5, 13.25, 4.5, 14.25], "texture": "#main"},
				"up": {"uv": [2.5, 13.25, 4.5, 14.25], "texture": "#main"},
				"down": {"uv": [2.5, 13.25, 4.5, 14.25], "texture": "#main"}
			}
		},
		{
			"from": [7, 17, 6],
			"to": [9, 18, 7],
			"faces": {
				"north": {"uv": [2, 12.5, 4, 13.5], "texture": "#main"},
				"east": {"uv": [2, 12.5, 4, 13.5], "texture": "#main"},
				"south": {"uv": [2, 12.5, 4, 13.5], "texture": "#main"},
				"west": {"uv": [2, 12.5, 4, 13.5], "texture": "#main"},
				"up": {"uv": [2, 12.5, 4, 13.5], "texture": "#main"},
				"down": {"uv": [2, 12.5, 4, 13.5], "texture": "#main"}
			}
		},
		{
			"from": [9, 17, 6],
			"to": [10, 18, 7],
			"faces": {
				"north": {"uv": [3, 13.75, 4, 14.75], "texture": "#main"},
				"east": {"uv": [3, 13.75, 4, 14.75], "texture": "#main"},
				"south": {"uv": [3, 13.75, 4, 14.75], "texture": "#main"},
				"west": {"uv": [3, 13.75, 4, 14.75], "texture": "#main"},
				"up": {"uv": [3, 13.75, 4, 14.75], "texture": "#main"},
				"down": {"uv": [3, 13.75, 4, 14.75], "texture": "#main"}
			}
		},
		{
			"from": [10, 18, 6],
			"to": [11, 19, 7],
			"faces": {
				"north": {"uv": [2.75, 13.25, 3.75, 14.25], "texture": "#main"},
				"east": {"uv": [2.75, 13.25, 3.75, 14.25], "texture": "#main"},
				"south": {"uv": [2.75, 13.25, 3.75, 14.25], "texture": "#main"},
				"west": {"uv": [2.75, 13.25, 3.75, 14.25], "texture": "#main"},
				"up": {"uv": [2.75, 13.25, 3.75, 14.25], "texture": "#main"},
				"down": {"uv": [2.75, 13.25, 3.75, 14.25], "texture": "#main"}
			}
		},
		{
			"from": [10, 19, 6],
			"to": [11, 20, 7],
			"faces": {
				"north": {"uv": [2.75, 12.25, 3.75, 13.25], "texture": "#main"},
				"east": {"uv": [2.75, 12.25, 3.75, 13.25], "texture": "#main"},
				"south": {"uv": [2.75, 12.25, 3.75, 13.25], "texture": "#main"},
				"west": {"uv": [2.75, 12.25, 3.75, 13.25], "texture": "#main"},
				"up": {"uv": [2.75, 12.25, 3.75, 13.25], "texture": "#main"},
				"down": {"uv": [2.75, 12.25, 3.75, 13.25], "texture": "#main"}
			}
		},
		{
			"from": [9, 19, 6],
			"to": [10, 20, 7],
			"faces": {
				"north": {"uv": [2.5, 12.75, 3.5, 13.75], "texture": "#main"},
				"east": {"uv": [2.5, 12.75, 3.5, 13.75], "texture": "#main"},
				"south": {"uv": [2.5, 12.75, 3.5, 13.75], "texture": "#main"},
				"west": {"uv": [2.5, 12.75, 3.5, 13.75], "texture": "#main"},
				"up": {"uv": [2.5, 12.75, 3.5, 13.75], "texture": "#main"},
				"down": {"uv": [2.5, 12.75, 3.5, 13.75], "texture": "#main"}
			}
		},
		{
			"from": [7, 18, 6],
			"to": [9, 19, 7],
			"faces": {
				"north": {"uv": [2.75, 12.25, 4.75, 13.25], "texture": "#main"},
				"east": {"uv": [2.75, 12.25, 4.75, 13.25], "texture": "#main"},
				"south": {"uv": [2.75, 12.25, 4.75, 13.25], "texture": "#main"},
				"west": {"uv": [2.75, 12.25, 4.75, 13.25], "texture": "#main"},
				"up": {"uv": [2.75, 12.25, 4.75, 13.25], "texture": "#main"},
				"down": {"uv": [2.75, 12.25, 4.75, 13.25], "texture": "#main"}
			}
		},
		{
			"from": [5, 19, 6],
			"to": [6, 20, 7],
			"faces": {
				"north": {"uv": [2.5, 13.75, 3.5, 14.75], "texture": "#main"},
				"east": {"uv": [2.5, 13.75, 3.5, 14.75], "texture": "#main"},
				"south": {"uv": [2.5, 13.75, 3.5, 14.75], "texture": "#main"},
				"west": {"uv": [2.5, 13.75, 3.5, 14.75], "texture": "#main"},
				"up": {"uv": [2.5, 13.75, 3.5, 14.75], "texture": "#main"},
				"down": {"uv": [2.5, 13.75, 3.5, 14.75], "texture": "#main"}
			}
		},
		{
			"from": [6, 19, 6],
			"to": [7, 20, 7],
			"faces": {
				"north": {"uv": [3.75, 12.5, 4.75, 13.5], "texture": "#main"},
				"east": {"uv": [3.75, 12.5, 4.75, 13.5], "texture": "#main"},
				"south": {"uv": [3.75, 12.5, 4.75, 13.5], "texture": "#main"},
				"west": {"uv": [3.75, 12.5, 4.75, 13.5], "texture": "#main"},
				"up": {"uv": [3.75, 12.5, 4.75, 13.5], "texture": "#main"},
				"down": {"uv": [3.75, 12.5, 4.75, 13.5], "texture": "#main"}
			}
		},
		{
			"from": [5, 18, 6],
			"to": [6, 19, 7],
			"faces": {
				"north": {"uv": [3.75, 12.5, 4.75, 13.5], "texture": "#main"},
				"east": {"uv": [3.75, 12.5, 4.75, 13.5], "texture": "#main"},
				"south": {"uv": [3.75, 12.5, 4.75, 13.5], "texture": "#main"},
				"west": {"uv": [3.75, 12.5, 4.75, 13.5], "texture": "#main"},
				"up": {"uv": [3.75, 12.5, 4.75, 13.5], "texture": "#main"},
				"down": {"uv": [3.75, 12.5, 4.75, 13.5], "texture": "#main"}
			}
		},
		{
			"from": [6, 17, 6],
			"to": [7, 18, 7],
			"faces": {
				"north": {"uv": [2.75, 13, 3.75, 14], "texture": "#main"},
				"east": {"uv": [2.75, 13, 3.75, 14], "texture": "#main"},
				"south": {"uv": [2.75, 13, 3.75, 14], "texture": "#main"},
				"west": {"uv": [2.75, 13, 3.75, 14], "texture": "#main"},
				"up": {"uv": [2.75, 13, 3.75, 14], "texture": "#main"},
				"down": {"uv": [2.75, 13, 3.75, 14], "texture": "#main"}
			}
		},
		{
			"from": [6, 17, 6],
			"to": [7, 18, 7],
			"faces": {
				"north": {"uv": [2.75, 13.25, 3.75, 14.25], "texture": "#main"},
				"east": {"uv": [2.75, 13.25, 3.75, 14.25], "texture": "#main"},
				"south": {"uv": [2.75, 13.25, 3.75, 14.25], "texture": "#main"},
				"west": {"uv": [2.75, 13.25, 3.75, 14.25], "texture": "#main"},
				"up": {"uv": [2.75, 13.25, 3.75, 14.25], "texture": "#main"},
				"down": {"uv": [2.75, 13.25, 3.75, 14.25], "texture": "#main"}
			}
		},
		{
			"from": [9, 19, 6],
			"to": [10, 20, 7],
			"faces": {
				"north": {"uv": [3, 13.25, 4, 14.25], "texture": "#main"},
				"east": {"uv": [3, 13.25, 4, 14.25], "texture": "#main"},
				"south": {"uv": [3, 13.25, 4, 14.25], "texture": "#main"},
				"west": {"uv": [3, 13.25, 4, 14.25], "texture": "#main"},
				"up": {"uv": [3, 13.25, 4, 14.25], "texture": "#main"},
				"down": {"uv": [3, 13.25, 4, 14.25], "texture": "#main"}
			}
		},
		{
			"from": [7.5, 5, 6],
			"to": [8.5, 6, 7],
			"faces": {
				"north": {"uv": [12.75, 7, 13.75, 8], "texture": "#main"},
				"east": {"uv": [12.75, 7, 13.75, 8], "texture": "#main"},
				"south": {"uv": [12.75, 7, 13.75, 8], "texture": "#main"},
				"west": {"uv": [12.75, 7, 13.75, 8], "texture": "#main"},
				"up": {"uv": [12.75, 7, 13.75, 8], "texture": "#main"},
				"down": {"uv": [12.75, 7, 13.75, 8], "texture": "#main"}
			}
		},
		{
			"from": [11, 6.5, 6],
			"to": [12, 7.5, 7],
			"faces": {
				"north": {"uv": [1.75, 5.5, 2.75, 6.5], "texture": "#main"},
				"east": {"uv": [1.75, 5.5, 2.75, 6.5], "texture": "#main"},
				"south": {"uv": [1.75, 5.5, 2.75, 6.5], "texture": "#main"},
				"west": {"uv": [1.75, 5.5, 2.75, 6.5], "texture": "#main"},
				"up": {"uv": [1.75, 5.5, 2.75, 6.5], "texture": "#main"},
				"down": {"uv": [1.75, 5.5, 2.75, 6.5], "texture": "#main"}
			}
		},
		{
			"from": [13, 9, 6],
			"to": [14, 10, 7],
			"faces": {
				"north": {"uv": [13.5, 2, 14.5, 3], "texture": "#main"},
				"east": {"uv": [13.5, 2, 14.5, 3], "texture": "#main"},
				"south": {"uv": [13.5, 2, 14.5, 3], "texture": "#main"},
				"west": {"uv": [13.5, 2, 14.5, 3], "texture": "#main"},
				"up": {"uv": [13.5, 2, 14.5, 3], "texture": "#main"},
				"down": {"uv": [13.5, 2, 14.5, 3], "texture": "#main"}
			}
		},
		{
			"from": [13, 14, 6],
			"to": [14, 15, 7],
			"faces": {
				"north": {"uv": [11.25, 1.75, 12.25, 2.75], "texture": "#main"},
				"east": {"uv": [11.25, 1.75, 12.25, 2.75], "texture": "#main"},
				"south": {"uv": [11.25, 1.75, 12.25, 2.75], "texture": "#main"},
				"west": {"uv": [11.25, 1.75, 12.25, 2.75], "texture": "#main"},
				"up": {"uv": [11.25, 1.75, 12.25, 2.75], "texture": "#main"},
				"down": {"uv": [11.25, 1.75, 12.25, 2.75], "texture": "#main"}
			}
		},
		{
			"from": [14, 11, 6],
			"to": [15, 12, 7],
			"faces": {
				"north": {"uv": [1.75, 6, 2.75, 7], "texture": "#main"},
				"east": {"uv": [1.75, 6, 2.75, 7], "texture": "#main"},
				"south": {"uv": [1.75, 6, 2.75, 7], "texture": "#main"},
				"west": {"uv": [1.75, 6, 2.75, 7], "texture": "#main"},
				"up": {"uv": [1.75, 6, 2.75, 7], "texture": "#main"},
				"down": {"uv": [1.75, 6, 2.75, 7], "texture": "#main"}
			}
		},
		{
			"from": [1, 11, 6],
			"to": [2, 12, 7],
			"faces": {
				"north": {"uv": [1.5, 5.75, 2.5, 6.75], "texture": "#main"},
				"east": {"uv": [1.5, 5.75, 2.5, 6.75], "texture": "#main"},
				"south": {"uv": [1.5, 5.75, 2.5, 6.75], "texture": "#main"},
				"west": {"uv": [1.5, 5.75, 2.5, 6.75], "texture": "#main"},
				"up": {"uv": [1.5, 5.75, 2.5, 6.75], "texture": "#main"},
				"down": {"uv": [1.5, 5.75, 2.5, 6.75], "texture": "#main"}
			}
		},
		{
			"from": [3, 7, 6],
			"to": [4, 8, 7],
			"faces": {
				"north": {"uv": [2.75, 8.5, 3.75, 9.5], "texture": "#main"},
				"east": {"uv": [2.75, 8.5, 3.75, 9.5], "texture": "#main"},
				"south": {"uv": [2.75, 8.5, 3.75, 9.5], "texture": "#main"},
				"west": {"uv": [2.75, 8.5, 3.75, 9.5], "texture": "#main"},
				"up": {"uv": [2.75, 8.5, 3.75, 9.5], "texture": "#main"},
				"down": {"uv": [2.75, 8.5, 3.75, 9.5], "texture": "#main"}
			}
		},
		{
			"from": [1.5, 9, 6],
			"to": [2.5, 10, 7],
			"faces": {
				"north": {"uv": [8.75, 2.25, 9.75, 3.25], "texture": "#main"},
				"east": {"uv": [8.75, 2.25, 9.75, 3.25], "texture": "#main"},
				"south": {"uv": [8.75, 2.25, 9.75, 3.25], "texture": "#main"},
				"west": {"uv": [8.75, 2.25, 9.75, 3.25], "texture": "#main"},
				"up": {"uv": [8.75, 2.25, 9.75, 3.25], "texture": "#main"},
				"down": {"uv": [8.75, 2.25, 9.75, 3.25], "texture": "#main"}
			}
		},
		{
			"from": [2, 14, 6],
			"to": [3, 15, 7],
			"faces": {
				"north": {"uv": [10.75, 2.25, 11.75, 3.25], "texture": "#main"},
				"east": {"uv": [10.75, 2.25, 11.75, 3.25], "texture": "#main"},
				"south": {"uv": [10.75, 2.25, 11.75, 3.25], "texture": "#main"},
				"west": {"uv": [10.75, 2.25, 11.75, 3.25], "texture": "#main"},
				"up": {"uv": [10.75, 2.25, 11.75, 3.25], "texture": "#main"},
				"down": {"uv": [10.75, 2.25, 11.75, 3.25], "texture": "#main"}
			}
		}
	],
	"display": {
		"thirdperson_righthand": {
			"rotation": [88, 0, 0],
			"translation": [-6, 0, 9],
			"scale": [1.25, 1.25, 1.25]
		},
		"thirdperson_lefthand": {
			"rotation": [88, 0, 0],
			"translation": [0, 0, 9],
			"scale": [0.2, 0.2, 0.2]
		},
		"gui": {
			"rotation": [0, -180, 0],
			"translation": [0, -3.5, 0]
		},
		"head": {
			"translation": [0, -8.75, -3.75],
			"scale": [2, 2, 2]
		},
		"fixed": {
			"translation": [0, -3.25, 0]
		}
	},
	"groups": [
		{
			"name": "hexadecagon",
			"origin": [8, 8, 8],
			"color": 0,
			"children": [0, 1, 2, 3, 4, 5, 6, 7, 8, 9, 10, 11, 12, 13, 14, 15]
		},
		{
			"name": "bow",
			"origin": [0, 0, 0],
			"color": 0,
			"children": [16, 17, 18, 19, 20, 21, 22, 23, 24, 25, 26, 27, 28, 29, 30]
		},
		{
			"name": "lights",
			"origin": [0, 0, 0],
			"color": 0,
			"children": [31, 32, 33, 34, 35, 36, 37, 38, 39]
		}
	]
}