{
	"credit": "Made with Blockbench",
	"textures": {
		"0": "block/white_concrete",
		"1": "greenwood:model/merch/mugLogo",
		"particle": "block/white_concrete"
	},
	"elements": [
		{
			"from": [15, 0, 1],
			"to": [16, 8, 15],
			"faces": {
				"north": {"uv": [0, 0, 14, 8], "texture": "#0"},
				"east": {"uv": [0, 0, 14, 8], "texture": "#0"},
				"south": {"uv": [0, 0, 14, 8], "texture": "#0"},
				"west": {"uv": [0, 0, 14, 8], "texture": "#0"},
				"up": {"uv": [0, 0, 14, 8], "texture": "#0"},
				"down": {"uv": [0, 0, 14, 8], "texture": "#0"}
			}
		},
		{
			"from": [0, 0, 1],
			"to": [1, 8, 16],
			"faces": {
				"north": {"uv": [0, 0, 15, 8], "texture": "#0"},
				"east": {"uv": [0, 0, 15, 8], "texture": "#0"},
				"south": {"uv": [0, 0, 15, 8], "texture": "#0"},
				"west": {"uv": [0, 0, 15, 8], "texture": "#0"},
				"up": {"uv": [0, 0, 15, 8], "texture": "#0"},
				"down": {"uv": [0, 0, 15, 8], "texture": "#0"}
			}
		},
		{
			"from": [1, 0, 15],
			"to": [16, 8, 16],
			"faces": {
				"north": {"uv": [0, 0, 1, 8], "texture": "#0"},
				"east": {"uv": [0, 0, 1, 8], "texture": "#0"},
				"south": {"uv": [0, 0, 1, 8], "texture": "#0"},
				"west": {"uv": [0, 0, 1, 8], "texture": "#0"},
				"up": {"uv": [0, 0, 1, 8], "texture": "#0"},
				"down": {"uv": [0, 0, 1, 8], "texture": "#0"}
			}
		},
		{
			"from": [0, 1, 0],
			"to": [16, 8, 1],
			"faces": {
				"north": {"uv": [0, 0, 16, 16], "texture": "#1"},
				"east": {"uv": [0, 0, 1, 8], "texture": "#0"},
				"south": {"uv": [0, 0, 1, 8], "texture": "#0"},
				"west": {"uv": [0, 0, 1, 8], "texture": "#0"},
				"up": {"uv": [0, 0, 1, 8], "texture": "#0"},
				"down": {"uv": [0, 0, 1, 8], "texture": "#0"}
			}
		},
		{
			"from": [0, 0, -10],
			"to": [16, 1, 1],
			"faces": {
				"north": {"uv": [0, 0, 16, 10], "texture": "#0"},
				"east": {"uv": [0, 0, 16, 10], "texture": "#0"},
				"south": {"uv": [0, 0, 16, 10], "texture": "#0"},
				"west": {"uv": [0, 0, 16, 10], "texture": "#0"},
				"up": {"uv": [0, 0, 16, 10], "texture": "#0"},
				"down": {"uv": [0, 0, 16, 10], "texture": "#0"}
			}
		},
		{
			"from": [1, 7, 1],
			"to": [15, 8, 15],
			"faces": {
				"north": {"uv": [0, 0, 14, 1], "texture": "#0"},
				"east": {"uv": [0, 0, 14, 1], "texture": "#0"},
				"south": {"uv": [0, 0, 14, 1], "texture": "#0"},
				"west": {"uv": [0, 0, 14, 1], "texture": "#0"},
				"up": {"uv": [0, 0, 14, 1], "texture": "#0"},
				"down": {"uv": [0, 0, 14, 1], "texture": "#0"}
			}
		}
	],
	"display": {
		"thirdperson_righthand": {
			"translation": [0, 1.5, 0],
			"scale": [0.29, 0.58, 0.28]
		},
		"thirdperson_lefthand": {
			"translation": [0, 1.75, 0],
			"scale": [0.29, 0.58, 0.28]
		},
		"gui": {
			"rotation": [10, -162, 0],
			"translation": [-0.25, 4.25, 0],
			"scale": [0.69, 0.98, 0.69]
		},
		"head": {
			"translation": [0, 14.25, -0.25],
			"scale": [1, 1.34, 1]
		}
	}
}