{
	"credit": "Made with Blockbench",
	"textures": {
		"0": "block/black_concrete",
		"1": "block/red_concrete",
		"particle": "block/black_concrete"
	},
	"elements": [
		{
			"from": [0, 0, 0],
			"to": [16, 2, 16],
			"faces": {
				"north": {"uv": [0, 0, 16, 5], "texture": "#0"},
				"east": {"uv": [0, 0, 16, 5], "texture": "#0"},
				"south": {"uv": [0, 0, 16, 5], "texture": "#0"},
				"west": {"uv": [0, 0, 16, 5], "texture": "#0"},
				"up": {"uv": [0, 0, 16, 5], "texture": "#0"},
				"down": {"uv": [0, 0, 16, 16], "texture": "#0"}
			}
		},
		{
			"from": [2, 1, 2],
			"to": [14, 20, 14],
			"faces": {
				"north": {"uv": [0, 0, 12, 16], "texture": "#0"},
				"east": {"uv": [0, 0, 12, 16], "texture": "#0"},
				"south": {"uv": [0, 0, 12, 16], "texture": "#0"},
				"west": {"uv": [0, 0, 12, 16], "texture": "#0"},
				"up": {"uv": [0, 0, 12, 16], "texture": "#0"},
				"down": {"uv": [0, 0, 12, 16], "texture": "#0"}
			}
		},
		{
			"from": [1.5, 3, 1.5],
			"to": [14.5, 4, 14.5],
			"faces": {
				"north": {"uv": [0, 0, 13, 1], "texture": "#1"},
				"east": {"uv": [0, 0, 13, 1], "texture": "#1"},
				"south": {"uv": [0, 0, 13, 1], "texture": "#1"},
				"west": {"uv": [0, 0, 13, 1], "texture": "#1"},
				"up": {"uv": [0, 0, 13, 1], "texture": "#1"},
				"down": {"uv": [0, 0, 13, 1], "texture": "#1"}
			}
		}
	],
	"display": {
		"head": {
			"translation": [0, 12.75, 0],
			"scale": [1, 0.9, 1]
		}
	}
}