{
	"credit": "Made by AmityKai for \"voidemlive\"",
	"textures": {
		"0": "block/gray_concrete",
		"1": "block/orange_concrete",
		"particle": "block/gray_concrete"
	},
	"elements": [
		{
			"from": [10.1, 3.98874, 11.22651],
			"to": [14.8, 4.58874, 11.82651],
			"rotation": {"angle": -22.5, "axis": "x", "origin": [12.45, 0.15976, 3.53714]},
			"faces": {
				"north": {"uv": [4.7, 0, 0, 0.6], "rotation": 180, "texture": "#1"},
				"east": {"uv": [4.7, 0, 0, 0.6], "rotation": 180, "texture": "#1"},
				"south": {"uv": [4.7, 0, 0, 0.6], "rotation": 180, "texture": "#1"},
				"west": {"uv": [4.7, 0, 0, 0.6], "rotation": 180, "texture": "#1"},
				"up": {"uv": [4.7, 0, 0, 0.6], "rotation": 180, "texture": "#1"},
				"down": {"uv": [4.7, 0, 0, 0.6], "rotation": 180, "texture": "#1"}
			}
		},
		{
			"from": [10.1, 4.58874, 11.22651],
			"to": [10.8, 5.18874, 11.82651],
			"rotation": {"angle": -22.5, "axis": "x", "origin": [12.45, 0.15976, 3.53714]},
			"faces": {
				"north": {"uv": [0.7, 0, 0, 0.6], "rotation": 180, "texture": "#1"},
				"east": {"uv": [0.7, 0, 0, 0.6], "rotation": 180, "texture": "#1"},
				"south": {"uv": [0.7, 0, 0, 0.6], "rotation": 180, "texture": "#1"},
				"west": {"uv": [0.7, 0, 0, 0.6], "rotation": 180, "texture": "#1"},
				"up": {"uv": [0.7, 0, 0, 0.6], "rotation": 180, "texture": "#1"},
				"down": {"uv": [0.7, 0, 0, 0.6], "rotation": 180, "texture": "#1"}
			}
		},
		{
			"from": [14.1, 4.58874, 11.22651],
			"to": [14.8, 5.18874, 11.82651],
			"rotation": {"angle": -22.5, "axis": "x", "origin": [12.45, 0.15976, 3.53714]},
			"faces": {
				"north": {"uv": [0.7, 0, 0, 0.6], "rotation": 180, "texture": "#1"},
				"east": {"uv": [0.7, 0, 0, 0.6], "rotation": 180, "texture": "#1"},
				"south": {"uv": [0.7, 0, 0, 0.6], "rotation": 180, "texture": "#1"},
				"west": {"uv": [0.7, 0, 0, 0.6], "rotation": 180, "texture": "#1"},
				"up": {"uv": [0.7, 0, 0, 0.6], "rotation": 180, "texture": "#1"},
				"down": {"uv": [0.7, 0, 0, 0.6], "rotation": 180, "texture": "#1"}
			}
		},
		{
			"from": [1.2, 5.18874, 11.22651],
			"to": [5.9, 5.78874, 11.82651],
			"rotation": {"angle": -22.5, "axis": "x", "origin": [3.55, 0.15976, 3.53714]},
			"faces": {
				"north": {"uv": [0, 0, 4.7, 0.6], "rotation": 180, "texture": "#1"},
				"east": {"uv": [0, 0, 4.7, 0.6], "rotation": 180, "texture": "#1"},
				"south": {"uv": [0, 0, 4.7, 0.6], "rotation": 180, "texture": "#1"},
				"west": {"uv": [0, 0, 4.7, 0.6], "rotation": 180, "texture": "#1"},
				"up": {"uv": [0, 0, 4.7, 0.6], "rotation": 180, "texture": "#1"},
				"down": {"uv": [0, 0, 4.7, 0.6], "rotation": 180, "texture": "#1"}
			}
		},
		{
			"from": [5.2, 4.58874, 11.22651],
			"to": [5.9, 5.18874, 11.82651],
			"rotation": {"angle": -22.5, "axis": "x", "origin": [3.55, 0.15976, 3.53714]},
			"faces": {
				"north": {"uv": [0, 0, 0.7, 0.6], "rotation": 180, "texture": "#1"},
				"east": {"uv": [0, 0, 0.7, 0.6], "rotation": 180, "texture": "#1"},
				"south": {"uv": [0, 0, 0.7, 0.6], "rotation": 180, "texture": "#1"},
				"west": {"uv": [0, 0, 0.7, 0.6], "rotation": 180, "texture": "#1"},
				"up": {"uv": [0, 0, 0.7, 0.6], "rotation": 180, "texture": "#1"},
				"down": {"uv": [0, 0, 0.7, 0.6], "rotation": 180, "texture": "#1"}
			}
		},
		{
			"from": [1.2, 3.98874, 11.22651],
			"to": [5.9, 4.58874, 11.82651],
			"rotation": {"angle": -22.5, "axis": "x", "origin": [3.55, 0.15976, 3.53714]},
			"faces": {
				"north": {"uv": [0, 0, 4.7, 0.6], "rotation": 180, "texture": "#1"},
				"east": {"uv": [0, 0, 4.7, 0.6], "rotation": 180, "texture": "#1"},
				"south": {"uv": [0, 0, 4.7, 0.6], "rotation": 180, "texture": "#1"},
				"west": {"uv": [0, 0, 4.7, 0.6], "rotation": 180, "texture": "#1"},
				"up": {"uv": [0, 0, 4.7, 0.6], "rotation": 180, "texture": "#1"},
				"down": {"uv": [0, 0, 4.7, 0.6], "rotation": 180, "texture": "#1"}
			}
		},
		{
			"from": [1.2, 4.58874, 11.22651],
			"to": [1.9, 5.18874, 11.82651],
			"rotation": {"angle": -22.5, "axis": "x", "origin": [3.55, 0.15976, 3.53714]},
			"faces": {
				"north": {"uv": [0, 0, 0.7, 0.6], "rotation": 180, "texture": "#1"},
				"east": {"uv": [0, 0, 0.7, 0.6], "rotation": 180, "texture": "#1"},
				"south": {"uv": [0, 0, 0.7, 0.6], "rotation": 180, "texture": "#1"},
				"west": {"uv": [0, 0, 0.7, 0.6], "rotation": 180, "texture": "#1"},
				"up": {"uv": [0, 0, 0.7, 0.6], "rotation": 180, "texture": "#1"},
				"down": {"uv": [0, 0, 0.7, 0.6], "rotation": 180, "texture": "#1"}
			}
		},
		{
			"from": [3.2, -0.00061, 1.49707],
			"to": [3.9, 9.59939, 2.19707],
			"rotation": {"angle": 45, "axis": "x", "origin": [3.55, 0.15976, 3.53714]},
			"faces": {
				"north": {"uv": [0, 0, 0.7, 9.6], "texture": "#0"},
				"east": {"uv": [0, 0, 0.7, 9.6], "texture": "#0"},
				"south": {"uv": [0, 0, 0.7, 9.6], "texture": "#0"},
				"west": {"uv": [0, 0, 0.7, 9.6], "texture": "#0"},
				"up": {"uv": [0, 0, 0.7, 9.6], "texture": "#0"},
				"down": {"uv": [0, 0, 0.7, 9.6], "texture": "#0"}
			}
		},
		{
			"from": [12.1, -0.00061, 1.49707],
			"to": [12.8, 9.59939, 2.19707],
			"rotation": {"angle": 45, "axis": "x", "origin": [12.45, 0.15976, 3.53714]},
			"faces": {
				"north": {"uv": [0.7, 0, 0, 9.6], "texture": "#0"},
				"east": {"uv": [0.7, 0, 0, 9.6], "texture": "#0"},
				"south": {"uv": [0.7, 0, 0, 9.6], "texture": "#0"},
				"west": {"uv": [0.7, 0, 0, 9.6], "texture": "#0"},
				"up": {"uv": [0.7, 0, 0, 9.6], "texture": "#0"},
				"down": {"uv": [0.7, 0, 0, 9.6], "texture": "#0"}
			}
		},
		{
			"from": [10.1, 5.18874, 11.22651],
			"to": [14.8, 5.78874, 11.82651],
			"rotation": {"angle": -22.5, "axis": "x", "origin": [12.45, 0.15976, 3.53714]},
			"faces": {
				"north": {"uv": [4.7, 0, 0, 0.6], "rotation": 180, "texture": "#1"},
				"east": {"uv": [4.7, 0, 0, 0.6], "rotation": 180, "texture": "#1"},
				"south": {"uv": [4.7, 0, 0, 0.6], "rotation": 180, "texture": "#1"},
				"west": {"uv": [4.7, 0, 0, 0.6], "rotation": 180, "texture": "#1"},
				"up": {"uv": [4.7, 0, 0, 0.6], "rotation": 180, "texture": "#1"},
				"down": {"uv": [4.7, 0, 0, 0.6], "rotation": 180, "texture": "#1"}
			}
		}
	],
	"display": {
		"thirdperson_righthand": {
			"translation": [0, 1.75, 0],
			"scale": [0.2, 0.2, 0.2]
		},
		"thirdperson_lefthand": {
			"translation": [0, 1.75, 0],
			"scale": [0.2, 0.2, 0.2]
		},
		"firstperson_righthand": {
			"translation": [0, 1.75, 0],
			"scale": [0.2, 0.2, 0.2]
		},
		"firstperson_lefthand": {
			"translation": [0, 1.75, 0],
			"scale": [0.2, 0.2, 0.2]
		},
		"gui": {
			"rotation": [14, -156, -2],
			"translation": [0.75, 2.25, -5.5],
			"scale": [0.5, 0.5, 0.5]
		},
		"head": {
			"translation": [0, 25.5, 0],
			"scale": [2.5, 2.5, 2.5]
		},
		"fixed": {
			"rotation": [-22, 34, 22],
			"translation": [-1.75, 2.25, -5.5],
			"scale": [0.5, 0.5, 0.5]
		}
	}
}