{
	"credit": "Made by AmityKai for \"voidemlive\"",
	"textures": {
		"0": "block/gray_concrete",
		"1": "block/green_concrete",
		"2": "block/acacia_planks",
		"3": "block/orange_concrete",
		"4": "misc/newgwlogo",
		"5": "block/light_gray_concrete",
		"particle": "block/gray_concrete"
	},
	"elements": [
		{
			"from": [-2, 0, 1.2],
			"to": [18, 1, 16],
			"faces": {
				"north": {"uv": [0, 0, 13.8, 1], "texture": "#0"},
				"east": {"uv": [0, 0, 13.8, 1], "texture": "#0"},
				"south": {"uv": [0, 0, 13.8, 1], "texture": "#0"},
				"west": {"uv": [0, 0, 13.8, 1], "texture": "#0"},
				"up": {"uv": [0, 0, 13.8, 1], "texture": "#0"},
				"down": {"uv": [0, 0, 13.8, 1], "texture": "#0"}
			}
		},
		{
			"from": [0, -2.4, 1],
			"to": [16, 0, 16.2],
			"faces": {
				"north": {"uv": [0, 0, 13.8, 1], "texture": "#0"},
				"east": {"uv": [0, 0, 13.8, 1], "texture": "#0"},
				"south": {"uv": [0, 0, 13.8, 1], "texture": "#0"},
				"west": {"uv": [0, 0, 13.8, 1], "texture": "#0"},
				"up": {"uv": [0, 0, 13.8, 1], "texture": "#0"},
				"down": {"uv": [0, 0, 13.8, 1], "texture": "#0"}
			}
		},
		{
			"from": [15, 1, 1.7],
			"to": [18, 2, 9],
			"faces": {
				"east": {"uv": [3, 0, 6, 2.8], "texture": "#2"},
				"west": {"uv": [6, 4, 7.8, 7], "rotation": 90, "texture": "#2"},
				"up": {"uv": [0, 0, 3, 6.8], "texture": "#2"}
			}
		},
		{
			"from": [1, 1.1, 1.7],
			"to": [15, 2, 3],
			"faces": {
				"south": {"uv": [0, 0, 14, 1.3], "texture": "#1"},
				"up": {"uv": [0, 0, 14, 1.3], "texture": "#1"},
				"down": {"uv": [0, 0, 14, 1.3], "texture": "#1"}
			}
		},
		{
			"from": [0, 2, 1.1],
			"to": [16, 2.3, 2.4],
			"rotation": {"angle": 0, "axis": "y", "origin": [8, 2.15, 1.75]},
			"faces": {
				"north": {"uv": [0, 0, 16, 1.3], "texture": "#1"},
				"east": {"uv": [0, 0, 16, 1.3], "texture": "#1"},
				"south": {"uv": [0, 0, 16, 1.3], "texture": "#1"},
				"west": {"uv": [0, 0, 16, 1.3], "texture": "#1"},
				"up": {"uv": [0, 0, 16, 1.3], "texture": "#1"},
				"down": {"uv": [0, 0, 16, 1.3], "texture": "#1"}
			}
		},
		{
			"from": [12, 1.8, 1.5],
			"to": [15, 2.7, 3.2],
			"rotation": {"angle": -22.5, "axis": "x", "origin": [13.5, 2.25, 2.15]},
			"faces": {
				"north": {"uv": [0, 0, 3, 1.7], "texture": "#1"},
				"east": {"uv": [0, 0, 3, 1.7], "texture": "#1"},
				"south": {"uv": [0, 0, 3, 1.7], "texture": "#1"},
				"west": {"uv": [0, 0, 3, 1.7], "texture": "#1"},
				"up": {"uv": [0, 0, 3, 1.7], "texture": "#1"},
				"down": {"uv": [0, 0, 3, 1.7], "texture": "#1"}
			}
		},
		{
			"from": [1, 1.8, 1.5],
			"to": [4, 2.7, 3.2],
			"rotation": {"angle": -22.5, "axis": "x", "origin": [2.5, 2.25, 2.15]},
			"faces": {
				"north": {"uv": [3, 0, 6, 1.7], "texture": "#1"},
				"east": {"uv": [3, 0, 6, 1.7], "texture": "#1"},
				"south": {"uv": [3, 0, 6, 1.7], "texture": "#1"},
				"west": {"uv": [3, 0, 6, 1.7], "texture": "#1"},
				"up": {"uv": [3, 0, 6, 1.7], "texture": "#1"},
				"down": {"uv": [3, 0, 6, 1.7], "texture": "#1"}
			}
		},
		{
			"from": [1.8, 2.6, 1.6],
			"to": [14, 3.5, 3.7],
			"rotation": {"angle": -45, "axis": "x", "origin": [7.9, 2.85, 2.85]},
			"faces": {
				"north": {"uv": [0, 0, 12.2, 2.1], "texture": "#1"},
				"east": {"uv": [0, 0, 12.2, 2.1], "texture": "#1"},
				"south": {"uv": [0, 0, 12.2, 2.1], "texture": "#1"},
				"west": {"uv": [0, 0, 12.2, 2.1], "texture": "#1"},
				"up": {"uv": [0, 0, 12.2, 2.1], "texture": "#1"},
				"down": {"uv": [0, 0, 12.2, 2.1], "texture": "#1"}
			}
		},
		{
			"from": [15, 1, 0.9],
			"to": [18, 2, 1.7],
			"rotation": {"angle": 0, "axis": "y", "origin": [0, 0, -0.5]},
			"faces": {
				"north": {"uv": [0, 0, 3, 0.8], "texture": "#2"},
				"east": {"uv": [0, 0, 3, 0.8], "texture": "#2"},
				"up": {"uv": [0, 0, 3, 0.8], "texture": "#2"},
				"down": {"uv": [0, 0, 3, 0.8], "texture": "#2"}
			}
		},
		{
			"from": [12.26725, 1, 0.35642],
			"to": [15.26725, 2, 2.35642],
			"rotation": {"angle": -22.5, "axis": "y", "origin": [13.76725, 1.5, 0.75642]},
			"faces": {
				"north": {"uv": [0, 0, 3, 1.3], "texture": "#2"},
				"east": {"uv": [0, 0, 3, 1.3], "texture": "#2"},
				"south": {"uv": [0, 0, 3, 1.3], "texture": "#2"},
				"up": {"uv": [0, 0, 3, 1.3], "texture": "#2"},
				"down": {"uv": [0, 0, 3, 1.3], "texture": "#2"}
			}
		},
		{
			"from": [3.43451, 1, -0.18715],
			"to": [12.53451, 2, 1.71285],
			"rotation": {"angle": 0, "axis": "y", "origin": [11.03451, 1.5, 0.21285]},
			"faces": {
				"north": {"uv": [0, 0, 9.1, 1.9], "texture": "#2"},
				"south": {"uv": [0, 0, 9.1, 1.9], "texture": "#2"},
				"west": {"uv": [0, 0, 9.1, 1.9], "texture": "#2"},
				"up": {"uv": [0, 0, 9.1, 1.9], "texture": "#2"},
				"down": {"uv": [0, 0, 9.1, 1.9], "texture": "#2"}
			}
		},
		{
			"from": [0.73275, 1, 0.35642],
			"to": [3.73275, 2, 2.25642],
			"rotation": {"angle": 22.5, "axis": "y", "origin": [2.23275, 1.5, 0.75642]},
			"faces": {
				"north": {"uv": [3, 0, 6, 1.3], "texture": "#2"},
				"south": {"uv": [3, 0, 6, 1.3], "texture": "#2"},
				"west": {"uv": [3, 0, 6, 1.3], "texture": "#2"},
				"up": {"uv": [3, 0, 6, 1.3], "texture": "#2"},
				"down": {"uv": [3, 0, 6, 1.3], "texture": "#2"}
			}
		},
		{
			"from": [-2, 1, 0.9],
			"to": [1, 2, 1.7],
			"rotation": {"angle": 0, "axis": "y", "origin": [16, 0, -0.5]},
			"faces": {
				"north": {"uv": [3, 0, 0, 0.8], "texture": "#2"},
				"west": {"uv": [3, 0, 0, 0.8], "texture": "#2"},
				"up": {"uv": [3, 0, 0, 0.8], "texture": "#2"},
				"down": {"uv": [3, 0, 0, 0.8], "texture": "#2"}
			}
		},
		{
			"from": [-2, 1, 1.7],
			"to": [1, 2, 9],
			"rotation": {"angle": 0, "axis": "y", "origin": [16, 0, 0]},
			"faces": {
				"east": {"uv": [3, 0, 6, 6.8], "texture": "#2"},
				"west": {"uv": [7, 4, 10, 6.8], "rotation": 180, "texture": "#2"},
				"up": {"uv": [3, 0, 6, 6.8], "texture": "#2"}
			}
		},
		{
			"from": [-2, 1, 8.7],
			"to": [18, 2, 16],
			"faces": {
				"north": {"uv": [0, 0, 7.3, 16], "rotation": 90, "texture": "#2"},
				"east": {"uv": [0, 0, 9, 3.3], "texture": "#2"},
				"south": {"uv": [0, 0, 16, 1], "texture": "#2"},
				"west": {"uv": [7, 4, 10, 6.8], "rotation": 180, "texture": "#2"},
				"up": {"uv": [0, 0, 16, 7.3], "texture": "#2"}
			}
		},
		{
			"from": [0.2294, 10.84672, 15],
			"to": [1.2294, 12.84672, 16],
			"rotation": {"angle": 22.5, "axis": "z", "origin": [0.7294, 12.34672, 15.5]},
			"faces": {
				"north": {"uv": [0, 0, 1, 2], "texture": "#0"},
				"up": {"uv": [0, 0, 1, 2], "texture": "#0"}
			}
		},
		{
			"from": [14.86039, 10.75693, 15],
			"to": [16.86039, 11.75693, 16],
			"rotation": {"angle": 22.5, "axis": "z", "origin": [16.36039, 11.25693, 15.5]},
			"faces": {
				"north": {"uv": [0, 1, 1, 3], "rotation": 90, "texture": "#0"},
				"east": {"uv": [0, 1, 1, 3], "rotation": 90, "texture": "#0"}
			}
		},
		{
			"from": [14.91367, 1.98633, 15],
			"to": [17.01367, 10.98633, 16],
			"rotation": {"angle": 0, "axis": "y", "origin": [16.51367, 8.48633, 15.5]},
			"faces": {
				"north": {"uv": [0, 1, 9, 3], "rotation": 90, "texture": "#0"},
				"east": {"uv": [0, 1, 9, 3], "rotation": 90, "texture": "#0"},
				"south": {"uv": [0, 1, 9, 3], "rotation": 90, "texture": "#0"}
			}
		},
		{
			"from": [15.01367, 1.98633, 15],
			"to": [17.11367, 4.98633, 16],
			"rotation": {"angle": 0, "axis": "y", "origin": [16.51367, 8.48633, 15.5]},
			"faces": {
				"east": {"uv": [0, 1, 9, 3], "rotation": 90, "texture": "#1"},
				"south": {"uv": [0, 1, 9, 3], "rotation": 90, "texture": "#1"}
			}
		},
		{
			"from": [-1.11367, 1.98633, 15],
			"to": [0.98633, 4.98633, 16],
			"rotation": {"angle": 0, "axis": "y", "origin": [-0.51367, 8.48633, 15.5]},
			"faces": {
				"south": {"uv": [0, 3, 9, 1], "rotation": 90, "texture": "#1"},
				"west": {"uv": [0, 3, 9, 1], "rotation": 90, "texture": "#1"}
			}
		},
		{
			"from": [15.42388, 10.41021, 16],
			"to": [16.42388, 12.41021, 16.1],
			"rotation": {"angle": -45, "axis": "z", "origin": [15.92388, 11.91021, 15.5]},
			"faces": {
				"south": {"uv": [1, 0, 2, 2], "texture": "#1"},
				"up": {"uv": [1, 0, 2, 2], "texture": "#1"}
			}
		},
		{
			"from": [-0.86039, 10.75693, 16],
			"to": [1.13961, 11.75693, 16.1],
			"rotation": {"angle": -22.5, "axis": "z", "origin": [-0.36039, 11.25693, 15.5]},
			"faces": {
				"east": {"uv": [0, 0, 1, 2], "rotation": 270, "texture": "#1"},
				"south": {"uv": [0, 0, 1, 2], "rotation": 270, "texture": "#1"},
				"west": {"uv": [0, 0, 1, 2], "rotation": 270, "texture": "#1"}
			}
		},
		{
			"from": [-0.42388, 10.41021, 16],
			"to": [0.57612, 12.41021, 16.1],
			"rotation": {"angle": 45, "axis": "z", "origin": [0.07612, 11.91021, 15.5]},
			"faces": {
				"south": {"uv": [0, 0, 1, 2], "texture": "#1"},
				"up": {"uv": [0, 0, 1, 2], "texture": "#1"}
			}
		},
		{
			"from": [0.2294, 10.84672, 16],
			"to": [1.2294, 12.84672, 16.1],
			"rotation": {"angle": 22.5, "axis": "z", "origin": [0.7294, 12.34672, 15.5]},
			"faces": {
				"south": {"uv": [0, 0, 1, 2], "texture": "#1"},
				"up": {"uv": [0, 0, 1, 2], "texture": "#1"}
			}
		},
		{
			"from": [1, 2, 16],
			"to": [15, 13, 16.1],
			"faces": {
				"east": {"uv": [0, 0, 14, 11], "texture": "#1"},
				"south": {"uv": [0, 0, 14, 11], "texture": "#1"},
				"west": {"uv": [0, 0, 14, 11], "texture": "#1"},
				"up": {"uv": [0, 0, 14, 11], "texture": "#1"},
				"down": {"uv": [0, 0, 14, 11], "texture": "#1"}
			}
		},
		{
			"from": [14.7706, 10.84672, 16],
			"to": [15.7706, 12.84672, 16.1],
			"rotation": {"angle": -22.5, "axis": "z", "origin": [15.2706, 12.34672, 15.5]},
			"faces": {
				"south": {"uv": [1, 0, 2, 2], "texture": "#1"},
				"up": {"uv": [1, 0, 2, 2], "texture": "#1"}
			}
		},
		{
			"from": [14.86039, 10.75693, 16],
			"to": [16.86039, 11.75693, 16.1],
			"rotation": {"angle": 22.5, "axis": "z", "origin": [16.36039, 11.25693, 15.5]},
			"faces": {
				"east": {"uv": [0, 1, 1, 3], "rotation": 270, "texture": "#1"},
				"south": {"uv": [0, 1, 1, 3], "rotation": 270, "texture": "#1"},
				"west": {"uv": [0, 1, 1, 3], "rotation": 270, "texture": "#1"}
			}
		},
		{
			"from": [15.01367, 1.98633, 16],
			"to": [17.01367, 10.98633, 16.1],
			"rotation": {"angle": 0, "axis": "y", "origin": [16.51367, 8.48633, 15.5]},
			"faces": {
				"east": {"uv": [0, 1, 9, 3], "rotation": 270, "texture": "#1"},
				"south": {"uv": [0, 1, 9, 3], "rotation": 270, "texture": "#1"},
				"west": {"uv": [0, 1, 9, 3], "rotation": 270, "texture": "#1"},
				"down": {"uv": [0, 1, 9, 3], "rotation": 270, "texture": "#1"}
			}
		},
		{
			"from": [16.41367, 1.98633, 8.7],
			"to": [17.41367, 9.68633, 14.8],
			"rotation": {"angle": 0, "axis": "y", "origin": [16.91367, 8.48633, 15.3]},
			"faces": {
				"north": {"uv": [0, 1, 7.7, 2], "rotation": 90, "texture": "#0"},
				"west": {"uv": [0, 1, 7.7, 2], "rotation": 90, "texture": "#0"},
				"up": {"uv": [0, 1, 7.7, 2], "rotation": 90, "texture": "#0"}
			}
		},
		{
			"from": [17.41367, 5.45141, 14.48925],
			"to": [17.61367, 8.85141, 16.48925],
			"rotation": {"angle": 0, "axis": "y", "origin": [17.01367, 6.45141, 15.98925]},
			"faces": {
				"east": {"uv": [0, 1, 3.4, 3], "rotation": 270, "texture": "#1"},
				"south": {"uv": [0, 1, 3.4, 3], "rotation": 270, "texture": "#1"}
			}
		},
		{
			"from": [17.41367, 1.98633, 14.8],
			"to": [17.61367, 3.98633, 15.8],
			"rotation": {"angle": 0, "axis": "y", "origin": [17.01367, 8.48633, 15.3]},
			"faces": {
				"east": {"uv": [0, 1, 2, 2], "rotation": 270, "texture": "#1"},
				"south": {"uv": [0, 1, 2, 2], "rotation": 270, "texture": "#1"}
			}
		},
		{
			"from": [17.41367, 3.71887, 14.34462],
			"to": [17.61367, 5.71887, 16.14462],
			"rotation": {"angle": 22.5, "axis": "x", "origin": [17.01367, 4.71887, 15.64462]},
			"faces": {
				"east": {"uv": [0, 1, 2, 2.8], "rotation": 270, "texture": "#1"},
				"south": {"uv": [0, 1, 2, 2.8], "rotation": 270, "texture": "#1"}
			}
		},
		{
			"from": [17.41367, 8.48436, 14.044],
			"to": [17.61367, 9.48436, 16.244],
			"rotation": {"angle": -22.5, "axis": "x", "origin": [17.01367, 9.28436, 15.444]},
			"faces": {
				"east": {"uv": [0, 1, 2.2, 2], "rotation": 180, "texture": "#1"},
				"south": {"uv": [0, 1, 2.2, 2], "rotation": 180, "texture": "#1"}
			}
		},
		{
			"from": [17.41367, 9.11671, 13.71661],
			"to": [17.61367, 10.11671, 15.71661],
			"rotation": {"angle": -45, "axis": "x", "origin": [17.01367, 9.91671, 15.11661]},
			"faces": {
				"east": {"uv": [0, 1, 2, 2], "rotation": 180, "texture": "#1"},
				"south": {"uv": [0, 1, 2, 2], "rotation": 180, "texture": "#1"}
			}
		},
		{
			"from": [-1.61367, 9.11671, 13.71661],
			"to": [-1.41367, 10.11671, 15.71661],
			"rotation": {"angle": -45, "axis": "x", "origin": [-1.01367, 9.91671, 15.11661]},
			"faces": {
				"south": {"uv": [2, 1, 0, 2], "rotation": 180, "texture": "#1"},
				"west": {"uv": [2, 1, 0, 2], "rotation": 180, "texture": "#1"}
			}
		},
		{
			"from": [17.41367, 8.83421, 14.23074],
			"to": [17.61367, 10.83421, 15.23074],
			"rotation": {"angle": 22.5, "axis": "x", "origin": [17.01367, 10.23421, 14.43074]},
			"faces": {
				"east": {"uv": [0, 1, 2, 2], "rotation": 270, "texture": "#1"},
				"up": {"uv": [0, 1, 2, 2], "rotation": 270, "texture": "#1"}
			}
		},
		{
			"from": [17.41367, 8.86508, 12.47558],
			"to": [17.61367, 10.86508, 14.47558],
			"rotation": {"angle": 0, "axis": "y", "origin": [17.01367, 10.26508, 13.67558]},
			"faces": {
				"east": {"uv": [0, 1, 2, 3], "rotation": 270, "texture": "#1"},
				"up": {"uv": [0, 1, 2, 3], "rotation": 270, "texture": "#1"}
			}
		},
		{
			"from": [17.41367, 8.6046, 9.76608],
			"to": [17.61367, 10.6046, 12.76608],
			"rotation": {"angle": -22.5, "axis": "x", "origin": [17.01367, 10.0046, 11.96608]},
			"faces": {
				"north": {"uv": [0, 1, 2, 4], "rotation": 270, "texture": "#1"},
				"east": {"uv": [0, 1, 2, 4], "rotation": 270, "texture": "#1"},
				"up": {"uv": [0, 1, 2, 4], "rotation": 270, "texture": "#1"}
			}
		},
		{
			"from": [-1.61367, 8.48436, 14.044],
			"to": [-1.41367, 9.48436, 16.244],
			"rotation": {"angle": -22.5, "axis": "x", "origin": [-1.01367, 9.28436, 15.444]},
			"faces": {
				"south": {"uv": [2.2, 1, 0, 2], "rotation": 180, "texture": "#1"},
				"west": {"uv": [2.2, 1, 0, 2], "rotation": 180, "texture": "#1"}
			}
		},
		{
			"from": [-1.41367, 8.6046, 9.76608],
			"to": [-0.41367, 10.6046, 12.76608],
			"rotation": {"angle": -22.5, "axis": "x", "origin": [-0.91367, 10.0046, 11.96608]},
			"faces": {
				"north": {"uv": [0, 2, 2, 1], "rotation": 90, "texture": "#0"},
				"east": {"uv": [0, 2, 2, 1], "rotation": 90, "texture": "#0"},
				"up": {"uv": [0, 2, 2, 1], "rotation": 90, "texture": "#0"}
			}
		},
		{
			"from": [-1.41367, 1.98633, 8.7],
			"to": [-0.41367, 9.68633, 14.8],
			"rotation": {"angle": 0, "axis": "y", "origin": [-0.91367, 8.48633, 15.3]},
			"faces": {
				"north": {"uv": [0, 2, 7.7, 3], "rotation": 90, "texture": "#0"},
				"east": {"uv": [0, 2, 7.7, 3], "rotation": 90, "texture": "#0"},
				"up": {"uv": [0, 2, 7.7, 3], "rotation": 90, "texture": "#0"}
			}
		},
		{
			"from": [-1.41367, 1.98633, 14.8],
			"to": [-0.41367, 3.98633, 15.8],
			"rotation": {"angle": 0, "axis": "y", "origin": [-0.91367, 8.48633, 15.3]},
			"faces": {
				"east": {"uv": [0, 2, 2, 1], "rotation": 270, "texture": "#missing"},
				"south": {"uv": [0, 2, 2, 1], "rotation": 270, "texture": "#1"}
			}
		},
		{
			"from": [-1.41367, 3.71887, 14.34462],
			"to": [-0.41367, 5.71887, 16.14462],
			"rotation": {"angle": 22.5, "axis": "x", "origin": [-0.91367, 4.71887, 15.64462]},
			"faces": {
				"east": {"uv": [0, 2.8, 2, 1], "rotation": 270, "texture": "#0"},
				"south": {"uv": [0, 2, 2, 1], "rotation": 270, "texture": "#1"}
			}
		},
		{
			"from": [-1.41367, 5.45141, 14.48925],
			"to": [-0.41367, 8.85141, 16.48925],
			"rotation": {"angle": 0, "axis": "y", "origin": [-0.91367, 6.45141, 15.98925]},
			"faces": {
				"east": {"uv": [0, 3, 3.4, 1], "rotation": 270, "texture": "#0"},
				"south": {"uv": [0, 2, 3.4, 1], "rotation": 270, "texture": "#1"}
			}
		},
		{
			"from": [-0.41367, 3.71887, 15.04462],
			"to": [-0.31367, 5.71887, 16.14462],
			"rotation": {"angle": 22.5, "axis": "x", "origin": [0.08633, 4.71887, 15.64462]},
			"faces": {
				"north": {"uv": [0, 2.8, 2, 4.6], "rotation": 270, "texture": "#1"},
				"east": {"uv": [0, 2.8, 2, 4.6], "rotation": 270, "texture": "#1"},
				"south": {"uv": [0, 2.8, 2, 4.6], "rotation": 270, "texture": "#1"},
				"down": {"uv": [0, 2.8, 2, 4.6], "rotation": 270, "texture": "#1"}
			}
		},
		{
			"from": [-0.41367, 8.48436, 15.044],
			"to": [-0.31367, 9.48436, 16.244],
			"rotation": {"angle": -22.5, "axis": "x", "origin": [0.08633, 9.28436, 15.444]},
			"faces": {
				"north": {"uv": [2.2, 1, 4.4, 2], "texture": "#1"},
				"east": {"uv": [2.2, 1, 4.4, 2], "texture": "#1"},
				"south": {"uv": [2.2, 1, 4.4, 2], "texture": "#1"},
				"up": {"uv": [2.2, 1, 4.4, 2], "texture": "#1"}
			}
		},
		{
			"from": [-0.41367, 5.45141, 15.08925],
			"to": [-0.31367, 8.85141, 16.48925],
			"rotation": {"angle": 0, "axis": "y", "origin": [0.08633, 6.45141, 15.98925]},
			"faces": {
				"east": {"uv": [0, 3, 3.4, 5], "rotation": 270, "texture": "#1"},
				"south": {"uv": [0, 3, 3.4, 5], "rotation": 270, "texture": "#1"}
			}
		},
		{
			"from": [16.31367, 3.71887, 15.04462],
			"to": [16.41367, 5.71887, 16.14462],
			"rotation": {"angle": 22.5, "axis": "x", "origin": [15.91367, 4.71887, 15.64462]},
			"faces": {
				"north": {"uv": [0, 4.6, 2, 2.8], "rotation": 270, "texture": "#1"},
				"south": {"uv": [0, 4.6, 2, 2.8], "rotation": 270, "texture": "#1"},
				"west": {"uv": [0, 4.6, 2, 2.8], "rotation": 270, "texture": "#1"},
				"down": {"uv": [0, 4.6, 2, 2.8], "rotation": 270, "texture": "#1"}
			}
		},
		{
			"from": [16.31367, 8.48436, 15.044],
			"to": [16.41367, 9.48436, 16.244],
			"rotation": {"angle": -22.5, "axis": "x", "origin": [15.91367, 9.28436, 15.444]},
			"faces": {
				"north": {"uv": [4.4, 1, 2.2, 2], "texture": "#1"},
				"south": {"uv": [4.4, 1, 2.2, 2], "texture": "#1"},
				"west": {"uv": [4.4, 1, 2.2, 2], "texture": "#1"},
				"up": {"uv": [4.4, 1, 2.2, 2], "texture": "#1"}
			}
		},
		{
			"from": [16.31367, 5.45141, 15.08925],
			"to": [16.41367, 8.85141, 16.48925],
			"rotation": {"angle": 0, "axis": "y", "origin": [15.91367, 6.45141, 15.98925]},
			"faces": {
				"south": {"uv": [0, 5, 3.4, 3], "rotation": 270, "texture": "#1"},
				"west": {"uv": [0, 5, 3.4, 3], "rotation": 270, "texture": "#1"}
			}
		},
		{
			"from": [-1.41367, 8.48436, 14.044],
			"to": [-0.41367, 9.48436, 16.244],
			"rotation": {"angle": -22.5, "axis": "x", "origin": [-0.91367, 9.28436, 15.444]},
			"faces": {
				"east": {"uv": [2.2, 1, 0, 2], "texture": "#0"},
				"south": {"uv": [0, 2, 1, 1], "rotation": 270, "texture": "#1"}
			}
		},
		{
			"from": [-1.41367, 9.11671, 13.71661],
			"to": [-0.41367, 10.11671, 15.71661],
			"rotation": {"angle": -45, "axis": "x", "origin": [-0.91367, 9.91671, 15.11661]},
			"faces": {
				"east": {"uv": [2, 1, 0, 2], "texture": "#0"},
				"south": {"uv": [0, 2, 1, 1], "rotation": 270, "texture": "#1"}
			}
		},
		{
			"from": [-1.41367, 8.83421, 14.23074],
			"to": [-0.41367, 10.83421, 15.23074],
			"rotation": {"angle": 22.5, "axis": "x", "origin": [-0.91367, 10.23421, 14.43074]},
			"faces": {
				"east": {"uv": [0, 2, 2, 1], "rotation": 90, "texture": "#0"},
				"up": {"uv": [0, 2, 2, 1], "rotation": 90, "texture": "#0"}
			}
		},
		{
			"from": [-1.41367, 8.40075, 7.74505],
			"to": [-0.41367, 8.94075, 8.93305],
			"rotation": {"angle": 22.5, "axis": "x", "origin": [-0.91367, 8.83275, 8.17705]},
			"faces": {
				"north": {"uv": [0, 1, 1, 2], "rotation": 270, "texture": "#0"},
				"east": {"uv": [0, 1, 1, 2], "rotation": 270, "texture": "#0"}
			}
		},
		{
			"from": [-1.41367, 6.05895, 7.61262],
			"to": [-0.41367, 8.59895, 8.80062],
			"rotation": {"angle": 0, "axis": "y", "origin": [-0.91367, 8.49095, 8.04462]},
			"faces": {
				"north": {"uv": [0, 1, 1, 2], "rotation": 270, "texture": "#0"},
				"east": {"uv": [0, 1, 1, 2], "rotation": 270, "texture": "#0"}
			}
		},
		{
			"from": [-1.41367, 3.39249, 7.62106],
			"to": [-0.41367, 6.23249, 8.80906],
			"rotation": {"angle": -22.5, "axis": "x", "origin": [-0.91367, 6.12449, 8.05306]},
			"faces": {
				"north": {"uv": [0, 1, 1, 2], "rotation": 270, "texture": "#0"},
				"east": {"uv": [0, 1, 1, 2], "rotation": 270, "texture": "#0"},
				"down": {"uv": [0, 1, 1, 2], "rotation": 270, "texture": "#0"}
			}
		},
		{
			"from": [-1.41367, 8.74221, 8.02984],
			"to": [-0.41367, 9.28221, 9.10984],
			"rotation": {"angle": 45, "axis": "x", "origin": [-0.91367, 9.17421, 8.35384]},
			"faces": {
				"north": {"uv": [0, 1, 1, 2], "rotation": 270, "texture": "#0"},
				"east": {"uv": [0, 1, 1, 2], "rotation": 270, "texture": "#0"}
			}
		},
		{
			"from": [-1.61367, 8.58966, 8.29221],
			"to": [-1.41367, 9.66966, 8.83221],
			"rotation": {"angle": -22.5, "axis": "x", "origin": [-0.91367, 9.34566, 8.72421]},
			"faces": {
				"west": {"uv": [0, 1, 2, 2], "rotation": 270, "texture": "#1"},
				"up": {"uv": [0, 1, 2, 2], "rotation": 270, "texture": "#1"}
			}
		},
		{
			"from": [-1.61367, 3.39249, 7.62106],
			"to": [-1.41367, 6.23249, 8.80906],
			"rotation": {"angle": -22.5, "axis": "x", "origin": [-0.91367, 6.12449, 8.05306]},
			"faces": {
				"north": {"uv": [0, 1, 2.2, 2], "rotation": 180, "texture": "#1"},
				"west": {"uv": [0, 1, 2.2, 2], "rotation": 180, "texture": "#1"},
				"down": {"uv": [0, 1, 2.2, 2], "rotation": 180, "texture": "#1"}
			}
		},
		{
			"from": [-1.61367, 6.05895, 7.61262],
			"to": [-1.41367, 8.59895, 8.80062],
			"rotation": {"angle": 0, "axis": "y", "origin": [-0.91367, 8.49095, 8.04462]},
			"faces": {
				"north": {"uv": [0, 1, 2.2, 2], "rotation": 180, "texture": "#1"},
				"west": {"uv": [0, 1, 2.2, 2], "rotation": 180, "texture": "#1"}
			}
		},
		{
			"from": [-1.61367, 8.40075, 7.74505],
			"to": [-1.41367, 8.94075, 8.93305],
			"rotation": {"angle": 22.5, "axis": "x", "origin": [-0.91367, 8.83275, 8.17705]},
			"faces": {
				"north": {"uv": [0, 1, 2.2, 2], "rotation": 180, "texture": "#1"},
				"west": {"uv": [0, 1, 2.2, 2], "rotation": 180, "texture": "#1"}
			}
		},
		{
			"from": [-1.61367, 8.74221, 8.02984],
			"to": [-1.41367, 9.28221, 9.10984],
			"rotation": {"angle": 45, "axis": "x", "origin": [-0.91367, 9.17421, 8.35384]},
			"faces": {
				"north": {"uv": [0, 1, 2, 2], "rotation": 180, "texture": "#1"},
				"west": {"uv": [0, 1, 2, 2], "rotation": 180, "texture": "#1"}
			}
		},
		{
			"from": [16.41367, 3.39249, 7.62106],
			"to": [17.41367, 6.23249, 8.80906],
			"rotation": {"angle": -22.5, "axis": "x", "origin": [16.91367, 6.12449, 8.05306]},
			"faces": {
				"north": {"uv": [0, 2, 1, 1], "rotation": 270, "texture": "#0"},
				"west": {"uv": [0, 2, 1, 1], "rotation": 270, "texture": "#0"},
				"down": {"uv": [0, 2, 1, 1], "rotation": 270, "texture": "#0"}
			}
		},
		{
			"from": [16.41367, 6.05895, 7.61262],
			"to": [17.41367, 8.59895, 8.80062],
			"rotation": {"angle": 0, "axis": "y", "origin": [16.91367, 8.49095, 8.04462]},
			"faces": {
				"north": {"uv": [0, 2, 1, 1], "rotation": 270, "texture": "#0"},
				"west": {"uv": [0, 2, 1, 1], "rotation": 270, "texture": "#0"}
			}
		},
		{
			"from": [16.41367, 8.40075, 7.74505],
			"to": [17.41367, 8.94075, 8.93305],
			"rotation": {"angle": 22.5, "axis": "x", "origin": [16.91367, 8.83275, 8.17705]},
			"faces": {
				"north": {"uv": [0, 2, 1, 1], "rotation": 270, "texture": "#0"},
				"west": {"uv": [0, 2, 1, 1], "rotation": 270, "texture": "#0"}
			}
		},
		{
			"from": [16.41367, 8.74221, 8.02984],
			"to": [17.41367, 9.28221, 9.10984],
			"rotation": {"angle": 45, "axis": "x", "origin": [16.91367, 9.17421, 8.35384]},
			"faces": {
				"north": {"uv": [0, 2, 1, 1], "rotation": 270, "texture": "#0"},
				"west": {"uv": [0, 2, 1, 1], "rotation": 270, "texture": "#0"}
			}
		},
		{
			"from": [16.41367, 8.58966, 8.29221],
			"to": [17.41367, 9.66966, 8.83221],
			"rotation": {"angle": -22.5, "axis": "x", "origin": [16.91367, 9.34566, 8.72421]},
			"faces": {
				"west": {"uv": [0, 2, 2, 1], "rotation": 270, "texture": "#0"},
				"up": {"uv": [0, 2, 2, 1], "rotation": 270, "texture": "#0"}
			}
		},
		{
			"from": [17.41367, 8.58966, 8.29221],
			"to": [17.61367, 9.66966, 8.83221],
			"rotation": {"angle": -22.5, "axis": "x", "origin": [16.91367, 9.34566, 8.72421]},
			"faces": {
				"east": {"uv": [0, 2, 2, 1], "rotation": 270, "texture": "#1"},
				"up": {"uv": [0, 2, 2, 1], "rotation": 270, "texture": "#1"}
			}
		},
		{
			"from": [17.41367, 3.39249, 7.62106],
			"to": [17.61367, 6.23249, 8.80906],
			"rotation": {"angle": -22.5, "axis": "x", "origin": [16.91367, 6.12449, 8.05306]},
			"faces": {
				"north": {"uv": [2.2, 1, 0, 2], "rotation": 180, "texture": "#1"},
				"east": {"uv": [2.2, 1, 0, 2], "rotation": 180, "texture": "#1"},
				"down": {"uv": [2.2, 1, 0, 2], "rotation": 180, "texture": "#1"}
			}
		},
		{
			"from": [17.41367, 6.05895, 7.61262],
			"to": [17.61367, 8.59895, 8.80062],
			"rotation": {"angle": 0, "axis": "y", "origin": [16.91367, 8.49095, 8.04462]},
			"faces": {
				"north": {"uv": [2.2, 1, 0, 2], "rotation": 180, "texture": "#1"},
				"east": {"uv": [2.2, 1, 0, 2], "rotation": 180, "texture": "#1"}
			}
		},
		{
			"from": [17.41367, 8.40075, 7.74505],
			"to": [17.61367, 8.94075, 8.93305],
			"rotation": {"angle": 22.5, "axis": "x", "origin": [16.91367, 8.83275, 8.17705]},
			"faces": {
				"north": {"uv": [2.2, 1, 0, 2], "rotation": 180, "texture": "#1"},
				"east": {"uv": [2.2, 1, 0, 2], "rotation": 180, "texture": "#1"}
			}
		},
		{
			"from": [17.41367, 8.74221, 8.02984],
			"to": [17.61367, 9.28221, 9.10984],
			"rotation": {"angle": 45, "axis": "x", "origin": [16.91367, 9.17421, 8.35384]},
			"faces": {
				"north": {"uv": [2, 1, 0, 2], "rotation": 180, "texture": "#1"},
				"east": {"uv": [2, 1, 0, 2], "rotation": 180, "texture": "#1"}
			}
		},
		{
			"from": [-1.41367, 8.58966, 8.29221],
			"to": [-0.41367, 9.66966, 8.83221],
			"rotation": {"angle": -22.5, "axis": "x", "origin": [-0.91367, 9.34566, 8.72421]},
			"faces": {
				"east": {"uv": [0, 1, 2, 2], "rotation": 270, "texture": "#0"},
				"up": {"uv": [0, 1, 2, 2], "rotation": 270, "texture": "#0"}
			}
		},
		{
			"from": [-1.41367, 8.86508, 12.47558],
			"to": [-0.41367, 10.86508, 14.47558],
			"rotation": {"angle": 0, "axis": "y", "origin": [-0.91367, 10.26508, 13.67558]},
			"faces": {
				"east": {"uv": [0, 2, 2, 1], "rotation": 90, "texture": "#0"},
				"up": {"uv": [0, 2, 2, 1], "rotation": 90, "texture": "#0"}
			}
		},
		{
			"from": [-1.61367, 8.86508, 12.47558],
			"to": [-1.41367, 10.86508, 14.47558],
			"rotation": {"angle": 0, "axis": "y", "origin": [-1.01367, 10.26508, 13.67558]},
			"faces": {
				"west": {"uv": [0, 3, 2, 1], "rotation": 270, "texture": "#1"},
				"up": {"uv": [0, 3, 2, 1], "rotation": 270, "texture": "#1"}
			}
		},
		{
			"from": [-1.01367, 1.98633, 16],
			"to": [0.98633, 10.98633, 16.1],
			"rotation": {"angle": 0, "axis": "y", "origin": [-0.51367, 8.48633, 15.5]},
			"faces": {
				"east": {"uv": [0, 3, 9, 1], "rotation": 270, "texture": "#1"},
				"south": {"uv": [0, 3, 9, 1], "rotation": 270, "texture": "#1"},
				"west": {"uv": [0, 3, 9, 1], "rotation": 270, "texture": "#1"},
				"down": {"uv": [0, 3, 9, 1], "rotation": 270, "texture": "#1"}
			}
		},
		{
			"from": [-1.61367, 8.83421, 14.23074],
			"to": [-1.41367, 10.83421, 15.23074],
			"rotation": {"angle": 22.5, "axis": "x", "origin": [-1.01367, 10.23421, 14.43074]},
			"faces": {
				"west": {"uv": [0, 2, 2, 1], "rotation": 270, "texture": "#1"},
				"up": {"uv": [0, 2, 2, 1], "rotation": 270, "texture": "#1"}
			}
		},
		{
			"from": [-1.61367, 5.45141, 14.48925],
			"to": [-1.41367, 8.85141, 16.48925],
			"rotation": {"angle": 0, "axis": "y", "origin": [-1.01367, 6.45141, 15.98925]},
			"faces": {
				"south": {"uv": [0, 3, 3.4, 1], "rotation": 270, "texture": "#1"},
				"west": {"uv": [0, 3, 3.4, 1], "rotation": 270, "texture": "#1"}
			}
		},
		{
			"from": [-1.61367, 3.71887, 14.34462],
			"to": [-1.41367, 5.71887, 16.14462],
			"rotation": {"angle": 22.5, "axis": "x", "origin": [-1.01367, 4.71887, 15.64462]},
			"faces": {
				"south": {"uv": [0, 2.8, 2, 1], "rotation": 270, "texture": "#1"},
				"west": {"uv": [0, 2.8, 2, 1], "rotation": 270, "texture": "#1"}
			}
		},
		{
			"from": [-1.61367, 1.98633, 14.8],
			"to": [-1.41367, 3.98633, 15.8],
			"rotation": {"angle": 0, "axis": "y", "origin": [-1.01367, 8.48633, 15.3]},
			"faces": {
				"south": {"uv": [0, 2, 2, 1], "rotation": 270, "texture": "#1"},
				"west": {"uv": [0, 2, 2, 1], "rotation": 270, "texture": "#1"}
			}
		},
		{
			"from": [-1.61367, 1.98633, 8.7],
			"to": [-1.41367, 9.68633, 14.8],
			"rotation": {"angle": 0, "axis": "y", "origin": [-1.01367, 8.48633, 15.3]},
			"faces": {
				"north": {"uv": [0, 6.1, 7.7, 12.2], "rotation": 270, "texture": "#1"},
				"west": {"uv": [0, 6.1, 7.7, 12.2], "rotation": 270, "texture": "#1"},
				"up": {"uv": [0, 6.1, 7.7, 12.2], "rotation": 270, "texture": "#1"}
			}
		},
		{
			"from": [17.43433, 4.18633, 9.9],
			"to": [17.63833, 8.18633, 13.9],
			"rotation": {"angle": 0, "axis": "y", "origin": [4.92233, 8.48633, 15.3]},
			"faces": {
				"north": {"uv": [0, 6.1, 7.7, 12.2], "rotation": 270, "texture": "#1"},
				"east": {"uv": [0, 0, 16, 16], "texture": "#4"},
				"south": {"uv": [0, 6.1, 7.7, 12.2], "rotation": 270, "texture": "#1"},
				"up": {"uv": [0, 6.1, 7.7, 12.2], "rotation": 270, "texture": "#1"},
				"down": {"uv": [0, 6.1, 7.7, 12.2], "rotation": 270, "texture": "#1"}
			}
		},
		{
			"from": [-1.66267, 4.18633, 9.9],
			"to": [-1.46467, 8.18633, 13.9],
			"rotation": {"angle": 0, "axis": "y", "origin": [-1.20067, 8.48633, 15.3]},
			"faces": {
				"north": {"uv": [0, 6.1, 7.7, 12.2], "rotation": 270, "texture": "#1"},
				"south": {"uv": [0, 6.1, 7.7, 12.2], "rotation": 270, "texture": "#1"},
				"west": {"uv": [0, 0, 16, 16], "texture": "#4"},
				"up": {"uv": [0, 6.1, 7.7, 12.2], "rotation": 270, "texture": "#1"},
				"down": {"uv": [0, 6.1, 7.7, 12.2], "rotation": 270, "texture": "#1"}
			}
		},
		{
			"from": [-1.61367, 8.6046, 9.76608],
			"to": [-1.41367, 10.6046, 12.76608],
			"rotation": {"angle": -22.5, "axis": "x", "origin": [-1.01367, 10.0046, 11.96608]},
			"faces": {
				"north": {"uv": [0, 4, 2, 1], "rotation": 270, "texture": "#1"},
				"west": {"uv": [0, 4, 2, 1], "rotation": 270, "texture": "#1"},
				"up": {"uv": [0, 4, 2, 1], "rotation": 270, "texture": "#1"}
			}
		},
		{
			"from": [17.41367, 1.98633, 8.7],
			"to": [17.61367, 9.68633, 14.8],
			"rotation": {"angle": 0, "axis": "y", "origin": [17.01367, 8.48633, 15.3]},
			"faces": {
				"north": {"uv": [0, 1, 7.7, 7.1], "rotation": 270, "texture": "#1"},
				"east": {"uv": [0, 1, 7.7, 7.1], "rotation": 270, "texture": "#1"},
				"up": {"uv": [0, 1, 7.7, 7.1], "rotation": 270, "texture": "#1"}
			}
		},
		{
			"from": [16.41367, 1.98633, 14.8],
			"to": [17.41367, 3.98633, 15.8],
			"rotation": {"angle": 0, "axis": "y", "origin": [16.91367, 8.48633, 15.3]},
			"faces": {
				"south": {"uv": [0, 1, 2, 2], "rotation": 270, "texture": "#1"},
				"west": {"uv": [0, 1, 2, 2], "rotation": 270, "texture": "#missing"}
			}
		},
		{
			"from": [16.41367, 3.71887, 14.34462],
			"to": [17.41367, 5.71887, 16.14462],
			"rotation": {"angle": 22.5, "axis": "x", "origin": [16.91367, 4.71887, 15.64462]},
			"faces": {
				"south": {"uv": [0, 1, 2, 2], "rotation": 270, "texture": "#1"},
				"west": {"uv": [0, 1, 2, 2.8], "rotation": 270, "texture": "#0"}
			}
		},
		{
			"from": [16.41367, 5.45141, 14.48925],
			"to": [17.41367, 8.85141, 16.48925],
			"rotation": {"angle": 0, "axis": "y", "origin": [16.91367, 6.45141, 15.98925]},
			"faces": {
				"south": {"uv": [0, 1, 3.4, 2], "rotation": 270, "texture": "#1"},
				"west": {"uv": [0, 1, 3.4, 3], "rotation": 270, "texture": "#0"}
			}
		},
		{
			"from": [16.41367, 8.48436, 14.044],
			"to": [17.41367, 9.48436, 16.244],
			"rotation": {"angle": -22.5, "axis": "x", "origin": [16.91367, 9.28436, 15.444]},
			"faces": {
				"south": {"uv": [0, 1, 1, 2], "rotation": 270, "texture": "#1"},
				"west": {"uv": [0, 1, 2.2, 2], "texture": "#0"}
			}
		},
		{
			"from": [16.41367, 9.11671, 13.71661],
			"to": [17.41367, 10.11671, 15.71661],
			"rotation": {"angle": -45, "axis": "x", "origin": [16.91367, 9.91671, 15.11661]},
			"faces": {
				"south": {"uv": [0, 1, 1, 2], "rotation": 270, "texture": "#1"},
				"west": {"uv": [0, 1, 2, 2], "texture": "#0"}
			}
		},
		{
			"from": [16.41367, 8.83421, 14.23074],
			"to": [17.41367, 10.83421, 15.23074],
			"rotation": {"angle": 22.5, "axis": "x", "origin": [16.91367, 10.23421, 14.43074]},
			"faces": {
				"west": {"uv": [0, 1, 2, 2], "rotation": 90, "texture": "#0"},
				"up": {"uv": [0, 1, 2, 2], "rotation": 90, "texture": "#0"}
			}
		},
		{
			"from": [16.41367, 8.86508, 12.47558],
			"to": [17.41367, 10.86508, 14.47558],
			"rotation": {"angle": 0, "axis": "y", "origin": [16.91367, 10.26508, 13.67558]},
			"faces": {
				"west": {"uv": [0, 1, 2, 2], "rotation": 90, "texture": "#0"},
				"up": {"uv": [0, 1, 2, 2], "rotation": 90, "texture": "#0"}
			}
		},
		{
			"from": [16.41367, 8.6046, 9.76608],
			"to": [17.41367, 10.6046, 12.76608],
			"rotation": {"angle": -22.5, "axis": "x", "origin": [16.91367, 10.0046, 11.96608]},
			"faces": {
				"north": {"uv": [0, 1, 2, 2], "rotation": 90, "texture": "#0"},
				"west": {"uv": [0, 1, 2, 2], "rotation": 90, "texture": "#0"},
				"up": {"uv": [0, 1, 2, 2], "rotation": 90, "texture": "#0"}
			}
		},
		{
			"from": [15.42388, 10.41021, 15],
			"to": [16.42388, 12.41021, 16],
			"rotation": {"angle": -45, "axis": "z", "origin": [15.92388, 11.91021, 15.5]},
			"faces": {
				"north": {"uv": [1, 0, 2, 2], "texture": "#0"},
				"up": {"uv": [1, 0, 2, 2], "texture": "#0"}
			}
		},
		{
			"from": [14.7706, 10.84672, 15],
			"to": [15.7706, 12.84672, 16],
			"rotation": {"angle": -22.5, "axis": "z", "origin": [15.2706, 12.34672, 15.5]},
			"faces": {
				"north": {"uv": [1, 0, 2, 2], "texture": "#0"},
				"up": {"uv": [1, 0, 2, 2], "texture": "#0"}
			}
		},
		{
			"from": [-0.42388, 10.41021, 15],
			"to": [0.57612, 12.41021, 16],
			"rotation": {"angle": 45, "axis": "z", "origin": [0.07612, 11.91021, 15.5]},
			"faces": {
				"north": {"uv": [0, 0, 1, 2], "texture": "#0"},
				"up": {"uv": [0, 0, 1, 2], "texture": "#0"}
			}
		},
		{
			"from": [-0.86039, 10.75693, 15],
			"to": [1.13961, 11.75693, 16],
			"rotation": {"angle": -22.5, "axis": "z", "origin": [-0.36039, 11.25693, 15.5]},
			"faces": {
				"north": {"uv": [0, 0, 1, 2], "rotation": 90, "texture": "#0"},
				"west": {"uv": [0, 0, 1, 2], "rotation": 90, "texture": "#0"}
			}
		},
		{
			"from": [-1.01367, 1.98633, 15],
			"to": [1.08633, 10.98633, 16],
			"rotation": {"angle": 0, "axis": "y", "origin": [-0.51367, 8.48633, 15.5]},
			"faces": {
				"north": {"uv": [0, 0, 9, 2], "rotation": 90, "texture": "#0"},
				"south": {"uv": [0, 0, 9, 2], "rotation": 90, "texture": "#0"},
				"west": {"uv": [0, 0, 9, 2], "rotation": 90, "texture": "#0"}
			}
		},
		{
			"from": [1, 2, 15],
			"to": [15, 13, 16],
			"faces": {
				"north": {"uv": [0, 0, 14, 11], "texture": "#0"},
				"up": {"uv": [0, 0, 14, 11], "texture": "#0"}
			}
		},
		{
			"from": [-0.4, 2, 9],
			"to": [16.4, 5, 15],
			"faces": {
				"north": {"uv": [0, 0, 16, 3], "texture": "#1"},
				"east": {"uv": [0, 0, 6, 3], "texture": "#missing"},
				"west": {"uv": [0, 0, 6, 3], "texture": "#missing"}
			}
		},
		{
			"from": [-0.4, 5, 8.9],
			"to": [16.4, 5.2, 15],
			"faces": {
				"north": {"uv": [0, 0, 16, 0.2], "texture": "#0"},
				"east": {"uv": [0, 0, 16, 0.2], "texture": "#0"},
				"west": {"uv": [0, 0, 16, 0.2], "texture": "#0"},
				"up": {"uv": [0, 0, 16, 0.2], "texture": "#0"},
				"down": {"uv": [0, 0, 16, 0.2], "texture": "#0"}
			}
		},
		{
			"from": [7.5, 5, 9],
			"to": [8.5, 7, 16],
			"faces": {
				"north": {"uv": [0, 0, 1, 2], "texture": "#0"},
				"east": {"uv": [0, 0, 1, 2], "texture": "#0"},
				"west": {"uv": [0, 0, 1, 2], "texture": "#0"},
				"up": {"uv": [0, 0, 1, 2], "texture": "#0"}
			}
		},
		{
			"from": [3.2, -0.00061, 1.49707],
			"to": [3.9, 9.59939, 2.19707],
			"rotation": {"angle": 45, "axis": "x", "origin": [3.55, 0.15976, 3.53714]},
			"faces": {
				"north": {"uv": [0, 0, 0.7, 9.6], "texture": "#0"},
				"east": {"uv": [0, 0, 0.7, 9.6], "texture": "#0"},
				"south": {"uv": [0, 0, 0.7, 9.6], "texture": "#0"},
				"west": {"uv": [0, 0, 0.7, 9.6], "texture": "#0"},
				"up": {"uv": [0, 0, 0.7, 9.6], "texture": "#0"},
				"down": {"uv": [0, 0, 0.7, 9.6], "texture": "#0"}
			}
		},
		{
			"from": [1.2, 5.18874, 11.22651],
			"to": [5.9, 5.78874, 11.82651],
			"rotation": {"angle": -22.5, "axis": "x", "origin": [3.55, 0.15976, 3.53714]},
			"faces": {
				"north": {"uv": [0, 0, 4.7, 0.6], "rotation": 180, "texture": "#3"},
				"east": {"uv": [0, 0, 4.7, 0.6], "rotation": 180, "texture": "#3"},
				"south": {"uv": [0, 0, 4.7, 0.6], "rotation": 180, "texture": "#3"},
				"west": {"uv": [0, 0, 4.7, 0.6], "rotation": 180, "texture": "#3"},
				"up": {"uv": [0, 0, 4.7, 0.6], "rotation": 180, "texture": "#3"},
				"down": {"uv": [0, 0, 4.7, 0.6], "rotation": 180, "texture": "#3"}
			}
		},
		{
			"from": [12.1, -0.00061, 1.49707],
			"to": [12.8, 9.59939, 2.19707],
			"rotation": {"angle": 45, "axis": "x", "origin": [12.45, 0.15976, 3.53714]},
			"faces": {
				"north": {"uv": [0.7, 0, 0, 9.6], "texture": "#0"},
				"east": {"uv": [0.7, 0, 0, 9.6], "texture": "#0"},
				"south": {"uv": [0.7, 0, 0, 9.6], "texture": "#0"},
				"west": {"uv": [0.7, 0, 0, 9.6], "texture": "#0"},
				"up": {"uv": [0.7, 0, 0, 9.6], "texture": "#0"},
				"down": {"uv": [0.7, 0, 0, 9.6], "texture": "#0"}
			}
		},
		{
			"from": [10.1, 4.58874, 11.22651],
			"to": [10.8, 5.18874, 11.82651],
			"rotation": {"angle": -22.5, "axis": "x", "origin": [12.45, 0.15976, 3.53714]},
			"faces": {
				"north": {"uv": [0.7, 0, 0, 0.6], "rotation": 180, "texture": "#3"},
				"east": {"uv": [0.7, 0, 0, 0.6], "rotation": 180, "texture": "#3"},
				"south": {"uv": [0.7, 0, 0, 0.6], "rotation": 180, "texture": "#3"},
				"west": {"uv": [0.7, 0, 0, 0.6], "rotation": 180, "texture": "#3"}
			}
		},
		{
			"from": [10.1, 3.98874, 11.22651],
			"to": [14.8, 4.58874, 11.82651],
			"rotation": {"angle": -22.5, "axis": "x", "origin": [12.45, 0.15976, 3.53714]},
			"faces": {
				"north": {"uv": [4.7, 0, 0, 0.6], "rotation": 180, "texture": "#3"},
				"east": {"uv": [4.7, 0, 0, 0.6], "rotation": 180, "texture": "#3"},
				"south": {"uv": [4.7, 0, 0, 0.6], "rotation": 180, "texture": "#3"},
				"west": {"uv": [4.7, 0, 0, 0.6], "rotation": 180, "texture": "#3"},
				"up": {"uv": [4.7, 0, 0, 0.6], "rotation": 180, "texture": "#3"},
				"down": {"uv": [4.7, 0, 0, 0.6], "rotation": 180, "texture": "#3"}
			}
		},
		{
			"from": [14.1, 4.58874, 11.22651],
			"to": [14.8, 5.18874, 11.82651],
			"rotation": {"angle": -22.5, "axis": "x", "origin": [12.45, 0.15976, 3.53714]},
			"faces": {
				"north": {"uv": [0.7, 0, 0, 0.6], "rotation": 180, "texture": "#3"},
				"east": {"uv": [0.7, 0, 0, 0.6], "rotation": 180, "texture": "#3"},
				"south": {"uv": [0.7, 0, 0, 0.6], "rotation": 180, "texture": "#3"},
				"west": {"uv": [0.7, 0, 0, 0.6], "rotation": 180, "texture": "#3"}
			}
		},
		{
			"from": [10.1, 5.18874, 11.22651],
			"to": [14.8, 5.78874, 11.82651],
			"rotation": {"angle": -22.5, "axis": "x", "origin": [12.45, 0.15976, 3.53714]},
			"faces": {
				"north": {"uv": [4.7, 0, 0, 0.6], "rotation": 180, "texture": "#3"},
				"east": {"uv": [4.7, 0, 0, 0.6], "rotation": 180, "texture": "#3"},
				"south": {"uv": [4.7, 0, 0, 0.6], "rotation": 180, "texture": "#3"},
				"west": {"uv": [4.7, 0, 0, 0.6], "rotation": 180, "texture": "#3"},
				"up": {"uv": [4.7, 0, 0, 0.6], "rotation": 180, "texture": "#3"},
				"down": {"uv": [4.7, 0, 0, 0.6], "rotation": 180, "texture": "#3"}
			}
		},
		{
			"from": [1.2, 3.98874, 11.22651],
			"to": [5.9, 4.58874, 11.82651],
			"rotation": {"angle": -22.5, "axis": "x", "origin": [3.55, 0.15976, 3.53714]},
			"faces": {
				"north": {"uv": [0, 0, 4.7, 0.6], "rotation": 180, "texture": "#3"},
				"east": {"uv": [0, 0, 4.7, 0.6], "rotation": 180, "texture": "#3"},
				"south": {"uv": [0, 0, 4.7, 0.6], "rotation": 180, "texture": "#3"},
				"west": {"uv": [0, 0, 4.7, 0.6], "rotation": 180, "texture": "#3"},
				"up": {"uv": [0, 0, 4.7, 0.6], "rotation": 180, "texture": "#3"},
				"down": {"uv": [0, 0, 4.7, 0.6], "rotation": 180, "texture": "#3"}
			}
		},
		{
			"from": [5.2, 4.58874, 11.22651],
			"to": [5.9, 5.18874, 11.82651],
			"rotation": {"angle": -22.5, "axis": "x", "origin": [3.55, 0.15976, 3.53714]},
			"faces": {
				"north": {"uv": [0, 0, 0.7, 0.6], "rotation": 180, "texture": "#3"},
				"east": {"uv": [0, 0, 0.7, 0.6], "rotation": 180, "texture": "#3"},
				"south": {"uv": [0, 0, 0.7, 0.6], "rotation": 180, "texture": "#3"},
				"west": {"uv": [0, 0, 0.7, 0.6], "rotation": 180, "texture": "#3"}
			}
		},
		{
			"from": [1.2, 4.58874, 11.22651],
			"to": [1.9, 5.18874, 11.82651],
			"rotation": {"angle": -22.5, "axis": "x", "origin": [3.55, 0.15976, 3.53714]},
			"faces": {
				"north": {"uv": [0, 0, 0.7, 0.6], "rotation": 180, "texture": "#3"},
				"east": {"uv": [0, 0, 0.7, 0.6], "rotation": 180, "texture": "#3"},
				"south": {"uv": [0, 0, 0.7, 0.6], "rotation": 180, "texture": "#3"},
				"west": {"uv": [0, 0, 0.7, 0.6], "rotation": 180, "texture": "#3"}
			}
		},
		{
			"name": "hexadecagon",
			"from": [-1.6, -1.79891, 13.5],
			"to": [-0.85, -1.40109, 15.5],
			"rotation": {"angle": -45, "axis": "x", "origin": [-1.1, -1.6, 14.5]},
			"faces": {
				"north": {"uv": [0, 0, 1, 1], "texture": "#5"},
				"east": {"uv": [0, 0, 1, 1], "texture": "#5"},
				"south": {"uv": [0, 0, 1, 1], "texture": "#5"},
				"west": {"uv": [0, 0, 1, 1], "texture": "#5"}
			}
		},
		{
			"from": [-1.4, -1.8, 14.2],
			"to": [0, -1.4, 14.6],
			"rotation": {"angle": 0, "axis": "y", "origin": [0, -0.4, 11]},
			"faces": {
				"north": {"uv": [0, 0, 13.8, 1], "texture": "#5"},
				"south": {"uv": [0, 0, 13.8, 1], "texture": "#5"},
				"west": {"uv": [0, 0, 13.8, 1], "texture": "#5"},
				"up": {"uv": [0, 0, 13.8, 1], "texture": "#5"},
				"down": {"uv": [0, 0, 13.8, 1], "texture": "#5"}
			}
		},
		{
			"name": "hexadecagon",
			"from": [-1.6, -2.6, 14.30109],
			"to": [-0.85, -0.6, 14.69891],
			"rotation": {"angle": 22.5, "axis": "x", "origin": [-1.1, -1.6, 14.5]},
			"faces": {
				"east": {"uv": [0, 0, 1, 1], "texture": "#5"},
				"west": {"uv": [0, 0, 1, 1], "texture": "#5"},
				"up": {"uv": [0, 0, 1, 1], "texture": "#5"},
				"down": {"uv": [0, 0, 1, 1], "texture": "#5"}
			}
		},
		{
			"name": "hexadecagon",
			"from": [-1.6, -2.6, 14.30109],
			"to": [-0.85, -0.6, 14.69891],
			"rotation": {"angle": 0, "axis": "y", "origin": [-1.1, -1.6, 14.5]},
			"faces": {
				"east": {"uv": [0, 0, 1, 1], "texture": "#5"},
				"west": {"uv": [0, 0, 1, 1], "texture": "#5"},
				"up": {"uv": [0, 0, 1, 1], "texture": "#5"},
				"down": {"uv": [0, 0, 1, 1], "texture": "#5"}
			}
		},
		{
			"name": "hexadecagon",
			"from": [-1.6, -2.6, 14.30109],
			"to": [-0.85, -0.6, 14.69891],
			"rotation": {"angle": -22.5, "axis": "x", "origin": [-1.1, -1.6, 14.5]},
			"faces": {
				"east": {"uv": [0, 0, 1, 1], "texture": "#5"},
				"west": {"uv": [0, 0, 1, 1], "texture": "#5"},
				"up": {"uv": [0, 0, 1, 1], "texture": "#5"},
				"down": {"uv": [0, 0, 1, 1], "texture": "#5"}
			}
		},
		{
			"name": "hexadecagon",
			"from": [-1.6, -1.79891, 13.5],
			"to": [-0.85, -1.40109, 15.5],
			"rotation": {"angle": 45, "axis": "x", "origin": [-1.1, -1.6, 14.5]},
			"faces": {
				"north": {"uv": [0, 0, 1, 1], "texture": "#5"},
				"east": {"uv": [0, 0, 1, 1], "texture": "#5"},
				"south": {"uv": [0, 0, 1, 1], "texture": "#5"},
				"west": {"uv": [0, 0, 1, 1], "texture": "#5"}
			}
		},
		{
			"name": "hexadecagon",
			"from": [-1.6, -1.79891, 13.5],
			"to": [-0.85, -1.40109, 15.5],
			"rotation": {"angle": 22.5, "axis": "x", "origin": [-1.1, -1.6, 14.5]},
			"faces": {
				"north": {"uv": [0, 0, 1, 1], "texture": "#5"},
				"east": {"uv": [0, 0, 1, 1], "texture": "#5"},
				"south": {"uv": [0, 0, 1, 1], "texture": "#5"},
				"west": {"uv": [0, 0, 1, 1], "texture": "#5"}
			}
		},
		{
			"name": "hexadecagon",
			"from": [-1.6, -1.79891, 13.5],
			"to": [-0.85, -1.40109, 15.5],
			"rotation": {"angle": 0, "axis": "y", "origin": [-1.1, -1.6, 14.5]},
			"faces": {
				"north": {"uv": [0, 0, 1, 1], "texture": "#5"},
				"east": {"uv": [0, 0, 1, 1], "texture": "#5"},
				"south": {"uv": [0, 0, 1, 1], "texture": "#5"},
				"west": {"uv": [0, 0, 1, 1], "texture": "#5"}
			}
		},
		{
			"name": "hexadecagon",
			"from": [-1.6, -1.79891, 13.5],
			"to": [-0.85, -1.40109, 15.5],
			"rotation": {"angle": -22.5, "axis": "x", "origin": [-1.1, -1.6, 14.5]},
			"faces": {
				"north": {"uv": [0, 0, 1, 1], "texture": "#5"},
				"east": {"uv": [0, 0, 1, 1], "texture": "#5"},
				"south": {"uv": [0, 0, 1, 1], "texture": "#5"},
				"west": {"uv": [0, 0, 1, 1], "texture": "#5"}
			}
		},
		{
			"name": "hexadecagon",
			"from": [16.85, -1.79891, 13.5],
			"to": [17.6, -1.40109, 15.5],
			"rotation": {"angle": -45, "axis": "x", "origin": [17.1, -1.6, 14.5]},
			"faces": {
				"north": {"uv": [1, 0, 0, 1], "texture": "#5"},
				"east": {"uv": [1, 0, 0, 1], "texture": "#5"},
				"south": {"uv": [1, 0, 0, 1], "texture": "#5"},
				"west": {"uv": [1, 0, 0, 1], "texture": "#5"}
			}
		},
		{
			"from": [16, -1.8, 14.2],
			"to": [17.4, -1.4, 14.6],
			"rotation": {"angle": 0, "axis": "y", "origin": [16, -0.4, 11]},
			"faces": {
				"north": {"uv": [13.8, 0, 0, 1], "texture": "#5"},
				"east": {"uv": [13.8, 0, 0, 1], "texture": "#5"},
				"south": {"uv": [13.8, 0, 0, 1], "texture": "#5"},
				"up": {"uv": [13.8, 0, 0, 1], "texture": "#5"},
				"down": {"uv": [13.8, 0, 0, 1], "texture": "#5"}
			}
		},
		{
			"name": "hexadecagon",
			"from": [16.85, -2.6, 14.30109],
			"to": [17.6, -0.6, 14.69891],
			"rotation": {"angle": 22.5, "axis": "x", "origin": [17.1, -1.6, 14.5]},
			"faces": {
				"east": {"uv": [1, 0, 0, 1], "texture": "#5"},
				"west": {"uv": [1, 0, 0, 1], "texture": "#5"},
				"up": {"uv": [1, 0, 0, 1], "texture": "#5"},
				"down": {"uv": [1, 0, 0, 1], "texture": "#5"}
			}
		},
		{
			"name": "hexadecagon",
			"from": [16.85, -2.6, 14.30109],
			"to": [17.6, -0.6, 14.69891],
			"rotation": {"angle": 0, "axis": "y", "origin": [17.1, -1.6, 14.5]},
			"faces": {
				"east": {"uv": [1, 0, 0, 1], "texture": "#5"},
				"west": {"uv": [1, 0, 0, 1], "texture": "#5"},
				"up": {"uv": [1, 0, 0, 1], "texture": "#5"},
				"down": {"uv": [1, 0, 0, 1], "texture": "#5"}
			}
		},
		{
			"name": "hexadecagon",
			"from": [16.85, -2.6, 14.30109],
			"to": [17.6, -0.6, 14.69891],
			"rotation": {"angle": -22.5, "axis": "x", "origin": [17.1, -1.6, 14.5]},
			"faces": {
				"east": {"uv": [1, 0, 0, 1], "texture": "#5"},
				"west": {"uv": [1, 0, 0, 1], "texture": "#5"},
				"up": {"uv": [1, 0, 0, 1], "texture": "#5"},
				"down": {"uv": [1, 0, 0, 1], "texture": "#5"}
			}
		},
		{
			"name": "hexadecagon",
			"from": [16.85, -1.79891, 13.5],
			"to": [17.6, -1.40109, 15.5],
			"rotation": {"angle": 45, "axis": "x", "origin": [17.1, -1.6, 14.5]},
			"faces": {
				"north": {"uv": [1, 0, 0, 1], "texture": "#5"},
				"east": {"uv": [1, 0, 0, 1], "texture": "#5"},
				"south": {"uv": [1, 0, 0, 1], "texture": "#5"},
				"west": {"uv": [1, 0, 0, 1], "texture": "#5"}
			}
		},
		{
			"name": "hexadecagon",
			"from": [16.85, -1.79891, 13.5],
			"to": [17.6, -1.40109, 15.5],
			"rotation": {"angle": 22.5, "axis": "x", "origin": [17.1, -1.6, 14.5]},
			"faces": {
				"north": {"uv": [1, 0, 0, 1], "texture": "#5"},
				"east": {"uv": [1, 0, 0, 1], "texture": "#5"},
				"south": {"uv": [1, 0, 0, 1], "texture": "#5"},
				"west": {"uv": [1, 0, 0, 1], "texture": "#5"}
			}
		},
		{
			"name": "hexadecagon",
			"from": [16.85, -1.79891, 13.5],
			"to": [17.6, -1.40109, 15.5],
			"rotation": {"angle": 0, "axis": "y", "origin": [17.1, -1.6, 14.5]},
			"faces": {
				"north": {"uv": [1, 0, 0, 1], "texture": "#5"},
				"east": {"uv": [1, 0, 0, 1], "texture": "#5"},
				"south": {"uv": [1, 0, 0, 1], "texture": "#5"},
				"west": {"uv": [1, 0, 0, 1], "texture": "#5"}
			}
		},
		{
			"name": "hexadecagon",
			"from": [16.85, -1.79891, 13.5],
			"to": [17.6, -1.40109, 15.5],
			"rotation": {"angle": -22.5, "axis": "x", "origin": [17.1, -1.6, 14.5]},
			"faces": {
				"north": {"uv": [1, 0, 0, 1], "texture": "#5"},
				"east": {"uv": [1, 0, 0, 1], "texture": "#5"},
				"south": {"uv": [1, 0, 0, 1], "texture": "#5"},
				"west": {"uv": [1, 0, 0, 1], "texture": "#5"}
			}
		}
	],
	"display": {
		"thirdperson_righthand": {
			"translation": [0, 1.75, 0],
			"scale": [0.2, 0.2, 0.2]
		},
		"thirdperson_lefthand": {
			"translation": [0, 1.75, 0],
			"scale": [0.2, 0.2, 0.2]
		},
		"firstperson_righthand": {
			"translation": [0, 1.75, 0],
			"scale": [0.2, 0.2, 0.2]
		},
		"firstperson_lefthand": {
			"translation": [0, 1.75, 0],
			"scale": [0.2, 0.2, 0.2]
		},
		"gui": {
			"rotation": [14, -156, -2],
			"translation": [0.75, 2.25, -5.5],
			"scale": [0.5, 0.5, 0.5]
		},
		"head": {
			"translation": [0, 25.5, 0],
			"scale": [2.5, 2.5, 2.5]
		},
		"fixed": {
			"rotation": [-22, 34, 22],
			"translation": [-1.75, 2.25, -5.5],
			"scale": [0.5, 0.5, 0.5]
		}
	},
	"groups": [
		0,
		1,
		2,
		3,
		4,
		5,
		6,
		7,
		8,
		9,
		10,
		11,
		12,
		13,
		14,
		15,
		16,
		17,
		18,
		19,
		20,
		21,
		22,
		23,
		24,
		25,
		26,
		27,
		28,
		29,
		30,
		31,
		32,
		33,
		34,
		35,
		36,
		37,
		38,
		39,
		40,
		41,
		42,
		43,
		44,
		45,
		46,
		47,
		48,
		49,
		50,
		51,
		52,
		53,
		54,
		55,
		56,
		57,
		58,
		59,
		60,
		61,
		62,
		63,
		64,
		65,
		66,
		67,
		68,
		69,
		70,
		71,
		72,
		73,
		74,
		75,
		76,
		77,
		78,
		79,
		80,
		81,
		82,
		83,
		84,
		85,
		86,
		87,
		88,
		89,
		90,
		91,
		92,
		93,
		94,
		95,
		96,
		97,
		98,
		99,
		100,
		101,
		102,
		103,
		104,
		105,
		106,
		107,
		108,
		109,
		110,
		111,
		{
			"name": "hexadecagon",
			"origin": [8, 8, 8],
			"color": 0,
			"children": [
				112,
				113,
				114,
				115,
				116,
				117,
				118,
				119,
				120,
				{
					"name": "hexadecagon",
					"origin": [8, 8, 8],
					"color": 0,
					"children": [121, 122, 123, 124, 125, 126, 127, 128, 129]
				}
			]
		}
	]
}