{
    "parent": "minecraft:item/generated",
    "textures": {
        "layer0": "minecraft:item/gold_nugget"
    },
    "overrides": [
        {
            "predicate": {
                "custom_model_data": 1
            },
            "model": "greenwood:image_models/logo"
        },
		        {
            "predicate": {
                "custom_model_data": 2
            },
            "model": "greenwood:image_models/cutlass"
        },
		        {
            "predicate": {
                "custom_model_data": 3
            },
            "model": "greenwood:props/santahat"
        },
		        {
            "predicate": {
                "custom_model_data": 4
            },
            "model": "greenwood:props/ukbanner"
        },
		        {
            "predicate": {
                "custom_model_data": 5
            },
            "model": "greenwood:props/wreath"
        },
        {
            "predicate": {
                "custom_model_data": 6
            },
            "model": "greenwood:props/xmas_tree"
        },
		        {
            "predicate": {
                "custom_model_data": 7
            },
            "model": "greenwood:merch/gwmug"
        },
		        {
            "predicate": {
                "custom_model_data": 8
            },
            "model": "greenwood:image_models/pirate"
        },
		        {
            "predicate": {
                "custom_model_data": 9
            },
            "model": "greenwood:atr/image_models/mbsign"
        },
				        {
            "predicate": {
                "custom_model_data": 10
            },
            "model": "greenwood:props/gw3d"
        },
				        {
            "predicate": {
                "custom_model_data": 11
            },
            "model": "greenwood:atr/props/atr3d"
        },
				        {
            "predicate": {
                "custom_model_data": 12
            },
            "model": "greenwood:decor/journal1"
        },
				        {
            "predicate": {
                "custom_model_data": 13
            },
            "model": "greenwood:decor/journal2"
        },
				        {
            "predicate": {
                "custom_model_data": 14
            },
            "model": "greenwood:decor/journal3"
        },
						        {
            "predicate": {
                "custom_model_data": 15
            },
            "model": "greenwood:props/kingdomotp"
        },
						        {
            "predicate": {
                "custom_model_data": 16
            },
            "model": "greenwood:props/pillarbottom"
        },
						        {
            "predicate": {
                "custom_model_data": 17
            },
            "model": "greenwood:props/pillartop"
        },
						        {
            "predicate": {
                "custom_model_data": 18
            },
            "model": "greenwood:decor/seatoutside"
        },
						        {
            "predicate": {
                "custom_model_data": 19
            },
            "model": "greenwood:decor/seatwool"
        },
						        {
            "predicate": {
                "custom_model_data": 20
            },
            "model": "greenwood:merch/cap"
        },
						        {
            "predicate": {
                "custom_model_data": 21
            },
            "model": "greenwood:merch/tophat"
        },
						        {
            "predicate": {
                "custom_model_data": 22
            },
            "model": "greenwood:statues/voidem"
        },
				        {
            "predicate": {
                "custom_model_data": 23
            },
            "model": "greenwood:statues/david"
        },
						        {
            "predicate": {
                "custom_model_data": 24
            },
            "model": "greenwood:statues/kyle"
        },
						        {
            "predicate": {
                "custom_model_data": 25
            },
            "model": "greenwood:statues/penguin"
        },
						        {
            "predicate": {
                "custom_model_data": 26
            },
            "model": "greenwood:statues/tomster"
        },
						        {
            "predicate": {
                "custom_model_data": 27
            },
            "model": "greenwood:statues/callum"
        },
						        {
            "predicate": {
                "custom_model_data": 28
            },
            "model": "greenwood:decor/seatwool"
        },
						        {
            "predicate": {
                "custom_model_data": 29
            },
            "model": "greenwood:merch/cap"
        },
								        {
            "predicate": {
                "custom_model_data": 30
            },
            "model": "greenwood:merch/backpack_black"
        },
						        {
            "predicate": {
                "custom_model_data": 31
            },
            "model": "greenwood:merch/backpack_dark_blue"
        },
						        {
            "predicate": {
                "custom_model_data": 32
            },
            "model": "greenwood:merch/backpack_dark_green"
        },
						        {
            "predicate": {
                "custom_model_data": 33
            },
            "model": "greenwood:merch/backpack_gray"
        },
				        {
            "predicate": {
                "custom_model_data": 34
            },
            "model": "greenwood:merch/backpack_light_blue"
        },
						        {
            "predicate": {
                "custom_model_data": 35
            },
            "model": "greenwood:merch/backpack_light_gray"
        },
						        {
            "predicate": {
                "custom_model_data": 36
            },
            "model": "greenwood:merch/backpack_light_green"
        },
						        {
            "predicate": {
                "custom_model_data": 37
            },
            "model": "greenwood:merch/backpack_purple"
        },
						        {
            "predicate": {
                "custom_model_data": 38
            },
            "model": "greenwood:merch/backpack_red"
        },
						        {
            "predicate": {
                "custom_model_data": 39
            },
            "model": "greenwood:merch/backpack_white"
        },
								        {
            "predicate": {
                "custom_model_data": 40
            },
            "model": "greenwood:props/fakearrow"
        },
										        {
            "predicate": {
                "custom_model_data": 41
            },
            "model": "greenwood:props/bodypart1_arm"
        }
    ],
	"WARNING": "."
}