{
    "parent": "minecraft:item/generated",
    "textures": {
        "layer0": "minecraft:item/iron_nugget"
    },
    "overrides": [
        {
            "predicate": {
                "custom_model_data": 1
            },
            "model": "greenwood:rides/canada_cutter_norest"
        },
        {
            "predicate": {
                "custom_model_data": 2
            },
            "model": "greenwood:rides/canada_cutter_rest"
        },
        {
            "predicate": {
                "custom_model_data": 3
            },
            "model": "greenwood:rides/canada_cutter_train"
        }
    ],
	"WARNING": "Test."
}
