{
	"credit": "Made with Blockbench",
	"textures": {
		"0": "greenwood:model/pirate",
		"particle": "greenwood:model/pirate"
	},
	"elements": [
		{
			"from": [-1, 1, 8],
			"to": [17, 13, 9],
			"faces": {
				"north": {"uv": [0, 0, 16, 16], "texture": "#0"},
				"east": {"uv": [0, 0, 16, 1], "texture": "#0"},
				"south": {"uv": [0, 0, 16, 1], "texture": "#0"},
				"west": {"uv": [0, 0, 16, 1], "texture": "#0"},
				"up": {"uv": [0, 0, 16, 1], "texture": "#0"},
				"down": {"uv": [0, 0, 16, 1], "texture": "#0"}
			}
		}
	],
	"display": {
		"gui": {
			"rotation": [0, 180, 0],
			"translation": [-0.75, 1.75, 0],
			"scale": [1.67, 2.05, 1]
		},
		"head": {
			"translation": [1.75, 9.25, 0],
			"scale": [4, 4, 4]
		}
	}
}